Subject,Start_date,Start_time,End_time,Location,Description
brunch & brew,2024-11-23,15:00,,"COBL, Kiel","konzert
8€
Location Link: http://www.cobl.opencampus.sh/
Event Details Link: https://www.wasgehtapp.de/termin_details.php?id=38314777&date=2024-11-23"
Oud Konzert mit Nedal Aldaiekh,2024-11-23,18:00,,"Café Jupiter, Kiel","konzert
Location Link: https://www.instagram.com/cafe.jupiter.ju?igsh=MXJ3Z2dxeWNhNmVnOA==
Event Details Link: https://www.wasgehtapp.de/termin_details.php?id=38226493&date=2024-11-23"
JAM SESSION am Samstag - Genresessions,2024-11-23,18:00,,"Siebeneck & Triangel, Kiel","konzert
tags pop, stoner, psychedelic, rock, folk
Location Link: https://www.siebeneck-triangel.de/
Event Details Link: https://www.wasgehtapp.de/termin_details.php?id=38225105&date=2024-11-23"
LIVE! - BIG DADDY WILSON & THE GOOSEBUMPS BROS.,2024-11-23,19:00,,"Räucherei, Kiel","konzert
tags folk, soul
Location Link: https://www.raeucherei.org/
Event Details Link: https://www.wasgehtapp.de/termin_details.php?id=34781505&date=2024-11-23"
"Rampampam, Oistress, Herr Fugbaum",2024-11-23,19:00,,"Alte Meierei, Kiel","konzert
tags punk
Location Link: https://www.altemeierei.de/
Event Details Link: https://www.wasgehtapp.de/termin_details.php?id=38034558&date=2024-11-23"
"Johann Sebastian Bach : Kantate Nr. 140 ""Wachet auf, ruft uns die Stimme""",2024-11-23,19:00,,"St. Nikolai-Kirche, Kiel","konzert
Sankt Nikolai Chor Kiel, 15,00 €, ermäßigt 9 €
Location Link: http://www.st-nikolai-kiel.de/
Event Details Link: https://www.wasgehtapp.de/termin_details.php?id=38237014&date=2024-11-23"
Reiner Bublitz Live,2024-11-23,19:00,,"Sportheim, Langwedel, Kiel","konzert
Reiner Bublitz - Live in Concert
Location Link: http://sportheim-langwedel.jimdosite.com/
Event Details Link: https://www.wasgehtapp.de/termin_details.php?id=38122979&date=2024-11-23"
HerbstZEIT o24 > Los Flamenquitos mit ‚Nuevo-Flamenco‘,2024-11-23,19:30,,"Alte Meierei am See, Postfeld, Kiel","konzert
tags gitarre
Location Link: https://www.alte-meierei-am-see.de/
Event Details Link: https://www.wasgehtapp.de/termin_details.php?id=37502565&date=2024-11-23"
DARTAGNAN,2024-11-23,20:00,,"Pumpe (Saal), Kiel","konzert
Konzert
Location Link: https://www.diepumpe.de/
Event Details Link: https://www.wasgehtapp.de/termin_details.php?id=36977392&date=2024-11-23"
speak to me – A Tribute to Pink Floyd,2024-11-23,20:00,,"Petruskirche, Kiel","konzert
Location Link: http://www.akg-kiel.de/
Event Details Link: https://www.wasgehtapp.de/termin_details.php?id=37153809&date=2024-11-23"
Konzert „DUX“,2024-11-23,20:00,,"Hof Akkerboom, Kiel","konzert
tags folk
Location Link: http://www.hof-akkerboom.de/
Event Details Link: https://www.wasgehtapp.de/termin_details.php?id=37330156&date=2024-11-23"
Ton Steine Scherben,2024-11-23,20:00,,"Bethlehem Kirche, Kiel","konzert
Kai und Flunky von Ton, Steine
Location Link: https://www.bethlehem-kirche.de/
Event Details Link: https://www.wasgehtapp.de/termin_details.php?id=37139430&date=2024-11-23"
Irgendwas mit Glitzer präsentiert: Wasabi Riot & Herculines,2024-11-23,20:00,,"Alte Mu (Fahrradkinokombinat), Kiel","konzert
Location Link: http://www.altemu.de/
Event Details Link: https://www.wasgehtapp.de/termin_details.php?id=37865482&date=2024-11-23"
"""2 Glad"" ( Folk-Songs and more )",2024-11-23,20:00,,"Restaurant Alte Schwimmhalle, Plön, Kiel","konzert
Location Link: http://www.restaurantalteschwimmhalle.de/
Event Details Link: https://www.wasgehtapp.de/termin_details.php?id=37767650&date=2024-11-23"
Tanzfabrik,2024-11-23,19:00,,"Traum GmbH, Kiel","disco
Diesmal: Rumba
Location Link: https://traumgmbh.de/
Event Details Link: https://www.wasgehtapp.de/termin_details.php?id=38046201&date=2024-11-23"
15 Jahre Hot Rock - Die Party,2024-11-23,20:00,,"Hot Rock, Kiel","disco
tags rock
Location Link: http://www.hot-rock-kiel.de/
Event Details Link: https://www.wasgehtapp.de/termin_details.php?id=38325973&date=2024-11-23"
Tanz bei GOSCH in Kiel - an der Hörn,2024-11-23,21:30,,"Gosch an der Hörn, Kiel","disco
tags (teilw.) eintritt frei
Event Details Link: https://www.wasgehtapp.de/termin_details.php?id=38150563&date=2024-11-23"
Ü30 Ambiente & Ü30 Rock,2024-11-23,22:00,,"Traum GmbH (Halle 1), Kiel","disco
mit Ausweiskontrolle!
Location Link: https://traumgmbh.de/
Event Details Link: https://www.wasgehtapp.de/termin_details.php?id=37774146&date=2024-11-23"
1€ Ladies night,2024-11-23,22:00,,"Atrium, Schwentinental, Kiel","disco
tags (teilw.) eintritt frei
Location Link: https://atrium-kiel.de/
Event Details Link: https://www.wasgehtapp.de/termin_details.php?id=38234985&date=2024-11-23"
LOLLIPOP SUPER DANCE,2024-11-23,23:00,,"Pumpe (roter Salon), Kiel","disco
Trance Event
Location Link: https://www.diepumpe.de/
Event Details Link: https://www.wasgehtapp.de/termin_details.php?id=38325972&date=2024-11-23"
Tucholsky,2024-11-23,23:00,,"Tucholsky, Kiel","disco
8 €
Location Link: http://www.tucholskykiel.de/
Event Details Link: https://www.wasgehtapp.de/termin_details.php?id=237&date=2024-11-23"
MAX MANIA,2024-11-23,23:00,,"Max Nachttheater, Kiel","disco
tags (teilw.) eintritt frei, house, charts
Location Link: https://www.max-kiel.de/
Event Details Link: https://www.wasgehtapp.de/termin_details.php?id=37957804&date=2024-11-23"
GEN Z – The age of Internet: 2010,2024-11-23,23:00,,"Ben Briggs, Kiel","disco
tags black
Location Link: http://benbriggs.de/
Event Details Link: https://www.wasgehtapp.de/termin_details.php?id=38149279&date=2024-11-23"
OEL • D.N.A.'S BDAY BASH w/ MASTER NIGGEL *live on Stage sets by KONO x D.N.A. X COACH,2024-11-23,23:59,,"Luna Club, Kiel","disco
Rap, Trap, Live
Location Link: https://lunaclub.com/
Event Details Link: https://www.wasgehtapp.de/termin_details.php?id=38048642&date=2024-11-23"
HOLIDAY ON ICE,2024-11-23,15:00,,"Wunderino Arena, Kiel","literatur
NEW SHOW
Location Link: https://www.wunderino-arena.de/
Event Details Link: https://www.wasgehtapp.de/termin_details.php?id=33896884&date=2024-11-23"
HOLIDAY ON ICE,2024-11-23,19:00,,"Wunderino Arena, Kiel","literatur
NEW SHOW
Location Link: https://www.wunderino-arena.de/
Event Details Link: https://www.wasgehtapp.de/termin_details.php?id=33896885&date=2024-11-23"
1. Premiere: Hansen oder die Sache mit dem Pinguin,2024-11-23,11:00,,"Niederdeutsche Bühne, Kiel","theater
Location Link: https://www.niederdeutschebuehne-kiel.de/
Event Details Link: https://www.wasgehtapp.de/termin_details.php?id=36623855&date=2024-11-23"
Weihnachtsmärchen 2024 – „Rumpelstilzchen“,2024-11-23,15:00,,"Friedrich Ebert Halle, Preetz, Kiel","theater
Event Details Link: https://www.wasgehtapp.de/termin_details.php?id=37502684&date=2024-11-23"
TIERE IM HOTEL,2024-11-23,16:00,,"Theater im Werftpark, Kiel","theater
Location Link: https://www.theater-kiel.de/
Event Details Link: https://www.wasgehtapp.de/termin_details.php?id=37416799&date=2024-11-23"
Weiber 3 - Der Berg ruft,2024-11-23,16:00,,"Lore & Lay Theaterfrachter Kiel, Kiel","theater
ab 31,00 €
Location Link: https://loreundlay-theater-schiff.de/
Event Details Link: https://www.wasgehtapp.de/termin_details.php?id=36705990&date=2024-11-23"
(Ausverkauft!) Drei Herren – Drei Gänge: Ein kriminell-kulinarischer Abend,2024-11-23,18:30,,"Alte Räucherei Ellerbek, Kiel","theater
Location Link: http://://www.alte-raeucherei.de
Event Details Link: https://www.wasgehtapp.de/termin_details.php?id=36281768&date=2024-11-23"
JOHN - Das VPT interpretiert John Sinclair (ZUSATZSHOW),2024-11-23,19:30,,"Max Nachttheater, Kiel","theater
Location Link: https://www.max-kiel.de/
Event Details Link: https://www.wasgehtapp.de/termin_details.php?id=34964887&date=2024-11-23"
Weiber 3 - Der Berg ruft,2024-11-23,19:30,,"Lore & Lay Theaterfrachter Kiel, Kiel","theater
ab 31,00 €
Location Link: https://loreundlay-theater-schiff.de/
Event Details Link: https://www.wasgehtapp.de/termin_details.php?id=36706002&date=2024-11-23"
Glaube Liebe Hoffnung,2024-11-23,20:00,,"Schauspielhaus, Kiel","theater
Location Link: https://www.theater-kiel.de/
Event Details Link: https://www.wasgehtapp.de/termin_details.php?id=37416952&date=2024-11-23"
Eingeschlossene Gesellschaft von Jan Weiler,2024-11-23,20:00,,"Hansa48, Kiel","theater
17€/ 12 € ermäßigt
Location Link: https://www.hansa48.de/
Event Details Link: https://www.wasgehtapp.de/termin_details.php?id=37066402&date=2024-11-23"
"""Anne-Marie die Schönheit"" von Yasmina Reza -",2024-11-23,20:00,,"Theater Die Komödianten, Kiel","theater
ab 25,00 €
Location Link: https://die-komoedianten.de/
Event Details Link: https://www.wasgehtapp.de/termin_details.php?id=37068881&date=2024-11-23"
DeichArt: UFOS ÜBERM NORDER,2024-11-23,20:00,,"Hotel Maritim (Backbord Bar), Kiel","theater
Location Link: https://www.maritim.de/
Event Details Link: https://www.wasgehtapp.de/termin_details.php?id=37587731&date=2024-11-23"
Sensemann und Söhne,2024-11-23,20:00,,"Bürgerhaus Kronshagen, Kronshagen, Kiel","theater
Eintritt: 15,-
Location Link: https://www.buergerhaus-kronshagen.de/
Event Details Link: https://www.wasgehtapp.de/termin_details.php?id=38039324&date=2024-11-23"
De Bank in Park,2024-11-23,20:00,,"Lachmöwen-Theater, Laboe, Kiel","theater
Location Link: https://www.lachmoewen.de/
Event Details Link: https://www.wasgehtapp.de/termin_details.php?id=36208557&date=2024-11-23"
Rockaby - Schluss jetzt - Bing,2024-11-23,20:30,,"Schauspielhaus (Studio), Kiel","theater
Location Link: https://www.theater-kiel.de/
Event Details Link: https://www.wasgehtapp.de/termin_details.php?id=37673841&date=2024-11-23"
Kiel festhalten. Stadtansichten von Gretel Riemann,2024-11-23,11:30,,"Stadtmuseum Warleberger Hof, Kiel","vortrag
tags (teilw.) eintritt frei
Location Link: https://www.kiel.de/de/kultur_freizeit/museum/stadtmuseum_warleberger_hof.php
Event Details Link: https://www.wasgehtapp.de/termin_details.php?id=37953893&date=2024-11-23"
Bundesliga Public Viewing,2024-11-23,15:30,,"The Public, Kiel","sport
Live auf 3 Leinwänden und 10 Screens
Location Link: http://thepublic-pubandbar.com/
Event Details Link: https://www.wasgehtapp.de/termin_details.php?id=38311487&date=2024-11-23"
Die Rettung der Sternenfee Mira,2024-11-23,14:00,,"Mediendom, Kiel","medien
Eintritt: 10,00 €
Location Link: http://www.mediendom.de/
Event Details Link: https://www.wasgehtapp.de/termin_details.php?id=37673822&date=2024-11-23"
Die Legende des Zauberriffs,2024-11-23,15:30,,"Mediendom, Kiel","medien
Eintritt: 10,00 €
Location Link: http://www.mediendom.de/
Event Details Link: https://www.wasgehtapp.de/termin_details.php?id=37673823&date=2024-11-23"
Milliarden Sonnen - eine Reise durch die Galaxis,2024-11-23,17:00,,"Mediendom, Kiel","medien
Eintritt: 11,00€
Location Link: http://www.mediendom.de/
Event Details Link: https://www.wasgehtapp.de/termin_details.php?id=37673824&date=2024-11-23"
Planeten - Expedition ins Sonnensystem,2024-11-23,18:30,,"Mediendom, Kiel","medien
Eintritt: 11,00 €
Location Link: http://www.mediendom.de/
Event Details Link: https://www.wasgehtapp.de/termin_details.php?id=37673825&date=2024-11-23"
Die Midnightshow - das etwas andere Programm,2024-11-23,20:00,,"Mediendom, Kiel","medien
Location Link: http://www.mediendom.de/
Event Details Link: https://www.wasgehtapp.de/termin_details.php?id=37673827&date=2024-11-23"
Kunsthandwerker-Markt und Basteln,2024-11-23,10:00,,"Arche Warder, Warder, Kiel","sonstige
Location Link: https://www.arche-warder.de/
Event Details Link: https://www.wasgehtapp.de/termin_details.php?id=36448098&date=2024-11-23"
ALTE MU Wintermarkt,2024-11-23,13:00,,"Alte Mu, Kiel","sonstige
Kunsthandwerksmarkt und Ausklang
Location Link: http://www.altemu.de/
Event Details Link: https://www.wasgehtapp.de/termin_details.php?id=37865379&date=2024-11-23"
"Kleiderbörse für Erwachsene "" Jung und Alt""",2024-11-23,16:00,,"Gasthof Levensau ""Schweinsgeige"" (Im Saal), Altenholz, Kiel","sonstige
Kleiderbörse für Erwachsene ""Jung und Alt ""
Location Link: http://www.gasthof-levensau.de/
Event Details Link: https://www.wasgehtapp.de/termin_details.php?id=37860474&date=2024-11-23"
Zauberlichterwald,2024-11-23,16:30,,"Schloss Hagen, Probsteierhagen, Kiel","sonstige
Interaktive Lichterwelt
Location Link: https://www.schloss-hagen.de/
Event Details Link: https://www.wasgehtapp.de/termin_details.php?id=38318048&date=2024-11-23"
Kieler Weihnachtsmarkt,2024-11-23,,,"Innenstadt, Kiel","sonstige
Location Link: https://www.kiel.de/
Event Details Link: https://www.wasgehtapp.de/termin_details.php?id=38320808&date=2024-11-23"
Stadtwerke Eisfestival,2024-11-23,,,"Germania Hafen, Kiel","sonstige
Event Details Link: https://www.wasgehtapp.de/termin_details.php?id=35121734&date=2024-11-23"
reconnecting.earth - Beyond Water (2),2024-11-23,10:00,,"Stadtgalerie, Kiel","kunst
Location Link: https://www.kiel.de/de/kultur_freizeit/stadtgalerie/
Event Details Link: https://www.wasgehtapp.de/termin_details.php?id=37582602&date=2024-11-23"
Malte Behrens – Nothing left for the Hunter,2024-11-23,19:00,,"Galerie K34, Kiel","kunst
Location Link: https://k34.org/
Event Details Link: https://www.wasgehtapp.de/termin_details.php?id=38320532&date=2024-11-23"
Raum für neue Schaukelkultur,2024-11-23,,,"Pop-Up Pavillon, Kiel","kunst
tags (teilw.) eintritt frei, kinder
Location Link: https://www.kieler-innenstadt.de/kielerinnen/pop-up-pavillon.html
Event Details Link: https://www.wasgehtapp.de/termin_details.php?id=38127069&date=2024-11-23"
Irish Folk mit Mad for Tunes,2024-11-24,18:30,,"Witt's Gasthof, Krummbek, Kiel","konzert
18 €
Location Link: http://www.witts-gasthof.de/kontakt/
Event Details Link: https://www.wasgehtapp.de/termin_details.php?id=37664583&date=2024-11-24"
HOLIDAY ON ICE,2024-11-24,13:00,,"Wunderino Arena, Kiel","literatur
NEW SHOW
Location Link: https://www.wunderino-arena.de/
Event Details Link: https://www.wasgehtapp.de/termin_details.php?id=33896886&date=2024-11-24"
NightWash - Der Comedy Waschsalon,2024-11-24,19:00,,"Max Nachttheater, Kiel","comedy
tags comedy
Location Link: https://www.max-kiel.de/
Event Details Link: https://www.wasgehtapp.de/termin_details.php?id=34512805&date=2024-11-24"
Nightwash,2024-11-24,21:30,,"Max Nachttheater, Kiel","comedy
tags comedy
Location Link: https://www.max-kiel.de/
Event Details Link: https://www.wasgehtapp.de/termin_details.php?id=34964888&date=2024-11-24"
Hansen oder die Sache mit dem Pinguin,2024-11-24,11:00,,"Niederdeutsche Bühne, Kiel","theater
Location Link: https://www.niederdeutschebuehne-kiel.de/
Event Details Link: https://www.wasgehtapp.de/termin_details.php?id=36623856&date=2024-11-24"
Weihnachtsmärchen 2024 – „Rumpelstilzchen“,2024-11-24,11:00,,"Friedrich Ebert Halle, Preetz, Kiel","theater
Event Details Link: https://www.wasgehtapp.de/termin_details.php?id=37502685&date=2024-11-24"
"Mitspieltheater ""Frau Holle""",2024-11-24,12:00,,"Traum GmbH (Orange Club), Kiel","theater
Interaktives Theater für die ganze Familie
Location Link: https://traumgmbh.de/
Event Details Link: https://www.wasgehtapp.de/termin_details.php?id=37588703&date=2024-11-24"
Weihnachtsmärchen 2024 – „Rumpelstilzchen“,2024-11-24,15:00,,"Friedrich Ebert Halle, Preetz, Kiel","theater
Event Details Link: https://www.wasgehtapp.de/termin_details.php?id=37502686&date=2024-11-24"
Kindertheater des Monats: Katrin Sagener,2024-11-24,15:30,,"Kulturladen Leuchtturm, Kiel","theater
4 €
Location Link: http://www.kulturladen-leuchtturm.info/
Event Details Link: https://www.wasgehtapp.de/termin_details.php?id=37590577&date=2024-11-24"
Eine Weihnachtsgeschichte,2024-11-24,16:00,,"Opernhaus, Kiel","theater
Musiktheater für junges Publikum nach Charles Dickens
Location Link: https://www.theater-kiel.de/
Event Details Link: https://www.wasgehtapp.de/termin_details.php?id=37506246&date=2024-11-24"
De Bank in Park,2024-11-24,16:00,,"Lachmöwen-Theater, Laboe, Kiel","theater
Location Link: https://www.lachmoewen.de/
Event Details Link: https://www.wasgehtapp.de/termin_details.php?id=36208558&date=2024-11-24"
Gib Pfote – Fenris und Tyr,2024-11-24,17:00,,"Theater im Werftpark, Kiel","theater
Location Link: https://www.theater-kiel.de/
Event Details Link: https://www.wasgehtapp.de/termin_details.php?id=37416989&date=2024-11-24"
Tante Salzmanns Improshow,2024-11-24,19:00,,"Theater im Werftpark, Kiel","theater
135 Minuten
Location Link: https://www.theater-kiel.de/
Event Details Link: https://www.wasgehtapp.de/termin_details.php?id=37416731&date=2024-11-24"
Dirk Schäfer: Salto Cannibale (Uraufführung),2024-11-24,19:00,,"Schauspielhaus, Kiel","theater
eine literarisch-musikalische Spurensuche
Location Link: https://www.theater-kiel.de/
Event Details Link: https://www.wasgehtapp.de/termin_details.php?id=37673860&date=2024-11-24"
Führungen im Flandernbunker,2024-11-24,11:30,,"Flandernbunker (Mahnmal Kilian e.V.), Kiel","vortrag
Location Link: http://www.mahnmalkilian.de/
Event Details Link: https://www.wasgehtapp.de/termin_details.php?id=83398&date=2024-11-24"
Kiel festhalten. Stadtansichten von Gretel Riemann,2024-11-24,11:30,,"Stadtmuseum Warleberger Hof, Kiel","vortrag
tags (teilw.) eintritt frei
Location Link: https://www.kiel.de/de/kultur_freizeit/museum/stadtmuseum_warleberger_hof.php
Event Details Link: https://www.wasgehtapp.de/termin_details.php?id=37953893&date=2024-11-24"
Holstein Kiel - 1. FSV Mainz 05,2024-11-24,15:30,,"Holstein-Stadion, Kiel","sport
1. Bundesliga
Location Link: https://www.holstein-kiel.de/
Event Details Link: https://www.wasgehtapp.de/termin_details.php?id=37586555&date=2024-11-24"
Armstrong,2024-11-24,14:00,,"Mediendom, Kiel","medien
tags kinder
Location Link: http://www.mediendom.de/
Event Details Link: https://www.wasgehtapp.de/termin_details.php?id=37673828&date=2024-11-24"
Limbradur und die Magie der Schwerkraft,2024-11-24,15:30,,"Mediendom, Kiel","medien
Eintritt: 11,00 €
Location Link: http://www.mediendom.de/
Event Details Link: https://www.wasgehtapp.de/termin_details.php?id=37673829&date=2024-11-24"
Sternenhimmel und Planeten,2024-11-24,17:00,,"Mediendom, Kiel","medien
Eintritt: 9,00 €
Location Link: http://www.mediendom.de/
Event Details Link: https://www.wasgehtapp.de/termin_details.php?id=37673830&date=2024-11-24"
Space Tour,2024-11-24,18:30,,"Mediendom, Kiel","medien
Eintritt: 12,00 €
Location Link: http://www.mediendom.de/
Event Details Link: https://www.wasgehtapp.de/termin_details.php?id=37673831&date=2024-11-24"
Kleider&Flohmarkt im Prinz Willy,2024-11-24,15:01,,"Prinz Willy, Kiel","sonstige
tags (teilw.) eintritt frei, flohmarkt
Location Link: https://www.prinzwilly.de/
Event Details Link: https://www.wasgehtapp.de/termin_details.php?id=37101893&date=2024-11-24"
TANGO AM KAI // Moderner und klassischer Tango,2024-11-24,19:30,,"Blauer Engel, Kiel","sonstige
Location Link: https://www.blauerengel-kiel.de/
Event Details Link: https://www.wasgehtapp.de/termin_details.php?id=36272792&date=2024-11-24"
Kieler Weihnachtsmarkt,2024-11-24,,,"Innenstadt, Kiel","sonstige
Location Link: https://www.kiel.de/
Event Details Link: https://www.wasgehtapp.de/termin_details.php?id=38320808&date=2024-11-24"
Stadtwerke Eisfestival,2024-11-24,,,"Germania Hafen, Kiel","sonstige
Event Details Link: https://www.wasgehtapp.de/termin_details.php?id=35121734&date=2024-11-24"
reconnecting.earth - Beyond Water (2),2024-11-24,10:00,,"Stadtgalerie, Kiel","kunst
Location Link: https://www.kiel.de/de/kultur_freizeit/stadtgalerie/
Event Details Link: https://www.wasgehtapp.de/termin_details.php?id=37582602&date=2024-11-24"
SingBAR im STATT-CAFÉ,2024-11-25,20:00,,"Statt-Café, Kiel","disco
Location Link: https://www.statt-cafe-kiel.de/
Event Details Link: https://www.wasgehtapp.de/termin_details.php?id=38225406&date=2024-11-25"
HORST EVERS - So gesehen natürlich lustig,2024-11-25,20:00,,"Güterbahnhof, Kiel","comedy
VERLEGT AUF DEN 25.11.24 !!!
Location Link: http://www.budenzauber-catering.de/
Event Details Link: https://www.wasgehtapp.de/termin_details.php?id=38236708&date=2024-11-25"
"Figurentheater Blauer Mond spielt: Yolka, das Trollmädchen",2024-11-25,10:00,,"Kulturforum, Kiel","theater
tags kinder
Location Link: http://www.kiel.de/kultur/kulturforum/
Event Details Link: https://www.wasgehtapp.de/termin_details.php?id=38225405&date=2024-11-25"
Kiel festhalten. Stadtansichten von Gretel Riemann,2024-11-25,11:30,,"Stadtmuseum Warleberger Hof, Kiel","vortrag
tags (teilw.) eintritt frei
Location Link: https://www.kiel.de/de/kultur_freizeit/museum/stadtmuseum_warleberger_hof.php
Event Details Link: https://www.wasgehtapp.de/termin_details.php?id=37953893&date=2024-11-25"
Pub Quiz,2024-11-25,20:00,,"Pogue Mahone, Kiel","sonstige
Location Link: https://poguemahone.de/
Event Details Link: https://www.wasgehtapp.de/termin_details.php?id=244&date=2024-11-25"
Kieler Weihnachtsmarkt,2024-11-25,,,"Innenstadt, Kiel","sonstige
Location Link: https://www.kiel.de/
Event Details Link: https://www.wasgehtapp.de/termin_details.php?id=38320808&date=2024-11-25"
Stadtwerke Eisfestival,2024-11-25,,,"Germania Hafen, Kiel","sonstige
Event Details Link: https://www.wasgehtapp.de/termin_details.php?id=35121734&date=2024-11-25"
Campus Night,2024-11-26,23:00,,"Tucholsky, Kiel","disco
Free Entry All Night Long
Location Link: http://www.tucholskykiel.de/
Event Details Link: https://www.wasgehtapp.de/termin_details.php?id=36884361&date=2024-11-26"
Bilderbuchkino: Der Blätterdieb,2024-11-26,16:00,,"Stadtteilbücherei Mettenhof, Kiel","literatur
Für Kinder (3-6 Jahre)
Location Link: https://www.kiel.de/de/bildung_wissenschaft/stadtbuecherei/standorte_und_oeffnungszeiten/mettenhof.p
Event Details Link: https://www.wasgehtapp.de/termin_details.php?id=37855077&date=2024-11-26"
U20 Poetry Slam Kiel,2024-11-26,19:00,,"Pumpe (Roter Salon), Kiel","literatur
Lesung
Location Link: https://www.diepumpe.de/
Event Details Link: https://www.wasgehtapp.de/termin_details.php?id=36977393&date=2024-11-26"
Lesung Clemens Meyer,2024-11-26,19:00,,"Literaturhaus, Kiel","literatur
tags lesung
Location Link: https://literaturhaus-sh.de/
Event Details Link: https://www.wasgehtapp.de/termin_details.php?id=37952445&date=2024-11-26"
Hansen oder die Sache mit dem Pinguin,2024-11-26,09:00,,"Niederdeutsche Bühne, Kiel","theater
Location Link: https://www.niederdeutschebuehne-kiel.de/
Event Details Link: https://www.wasgehtapp.de/termin_details.php?id=36623857&date=2024-11-26"
"Figurentheater Blauer Mond spielt: Yolka, das Trollmädchen",2024-11-26,10:00,,"Kulturforum, Kiel","theater
tags kinder
Location Link: http://www.kiel.de/kultur/kulturforum/
Event Details Link: https://www.wasgehtapp.de/termin_details.php?id=38225407&date=2024-11-26"
Kiel festhalten. Stadtansichten von Gretel Riemann,2024-11-26,11:30,,"Stadtmuseum Warleberger Hof, Kiel","vortrag
tags (teilw.) eintritt frei
Location Link: https://www.kiel.de/de/kultur_freizeit/museum/stadtmuseum_warleberger_hof.php
Event Details Link: https://www.wasgehtapp.de/termin_details.php?id=37953893&date=2024-11-26"
Yvonne Al-Taie: Unmögliche Berührungen. Paul Celans Dichtung nach der Shoah,2024-11-26,18:15,,"CAU, Olshausenstraße 75 (Hörsaal 3), Kiel","vortrag
Vortrag der Ringvorlesung Die deutsch-jüdische Moderne
Location Link: http://www.uni-kiel.de/
Event Details Link: https://www.wasgehtapp.de/termin_details.php?id=37946069&date=2024-11-26"
THW Kiel - HC Vojvodina,2024-11-26,18:45,,"Wunderino Arena, Kiel","sport
European League
Location Link: https://www.wunderino-arena.de/
Event Details Link: https://www.wasgehtapp.de/termin_details.php?id=37673598&date=2024-11-26"
Public Viewing: Champions League,2024-11-26,21:00,,"The Public, Kiel","sport
Live auf 3 Leinwänden und 10 Screens
Location Link: http://thepublic-pubandbar.com/
Event Details Link: https://www.wasgehtapp.de/termin_details.php?id=38311488&date=2024-11-26"
WärmeZeit,2024-11-26,15:00,,"Hof Akkerboom (Kuhstall), Kiel","sonstige
Location Link: http://www.hof-akkerboom.de/
Event Details Link: https://www.wasgehtapp.de/termin_details.php?id=38127340&date=2024-11-26"
"Bücherzwerge: Geschichten, Spiele und Lieder für Kinder von 1 - 3 Jahren",2024-11-26,15:30,,"Stadtbücherei, Preetz, Kiel","sonstige
tags kinder
Location Link: http://www.stadtbuecherei-preetz.de/
Event Details Link: https://www.wasgehtapp.de/termin_details.php?id=37334652&date=2024-11-26"
TUESDAY NIGHT JUMP // Tanzkurse Swing Beginner (Open Class),2024-11-26,18:00,,"Blauer Engel, Kiel","sonstige
Location Link: https://www.blauerengel-kiel.de/
Event Details Link: https://www.wasgehtapp.de/termin_details.php?id=38147509&date=2024-11-26"
Doppelkopfabend,2024-11-26,20:00,,"Hansa48, Kiel","sonstige
tags (teilw.) eintritt frei
Location Link: https://www.hansa48.de/
Event Details Link: https://www.wasgehtapp.de/termin_details.php?id=37854427&date=2024-11-26"
Kieler Weihnachtsmarkt,2024-11-26,,,"Innenstadt, Kiel","sonstige
Location Link: https://www.kiel.de/
Event Details Link: https://www.wasgehtapp.de/termin_details.php?id=38320808&date=2024-11-26"
Stadtwerke Eisfestival,2024-11-26,,,"Germania Hafen, Kiel","sonstige
Event Details Link: https://www.wasgehtapp.de/termin_details.php?id=35121734&date=2024-11-26"
Mittagskonzert - 30 Minuten Musik im Bach-Saal,2024-11-27,13:00,,"Bach-Saal (CAU Kiel), Kiel","konzert
Orgel Solo
Event Details Link: https://www.wasgehtapp.de/termin_details.php?id=38140457&date=2024-11-27"
Phil Out One,2024-11-27,18:30,,"Lillebrauerei, Kiel","konzert
tags klassik
Location Link: https://lillebraeu.de/
Event Details Link: https://www.wasgehtapp.de/termin_details.php?id=35671516&date=2024-11-27"
Jam Session,2024-11-27,20:30,,"Pogue Mahone, Kiel","konzert
Location Link: https://poguemahone.de/
Event Details Link: https://www.wasgehtapp.de/termin_details.php?id=14077794&date=2024-11-27"
BERGFEST • Eintritt wird gewürfelt,2024-11-27,23:00,,"Luna Club, Kiel","disco
Hits & Classics
Location Link: https://lunaclub.com/
Event Details Link: https://www.wasgehtapp.de/termin_details.php?id=38048643&date=2024-11-27"
Bilderbuchkino: Conni kann nicht einschlafen,2024-11-27,15:30,,"Stadtteilbücherei Suchsdorf, Kiel","literatur
Für Kinder (3-6 Jahre)
Location Link: https://www.kiel.de/de/bildung_wissenschaft/stadtbuecherei/standorte_und_oeffnungszeiten/suchsdorf.p
Event Details Link: https://www.wasgehtapp.de/termin_details.php?id=37855078&date=2024-11-27"
"Lesebühne Federkiel – Komm, wir lesen zusammen ein Buch",2024-11-27,20:00,,"Hansa48, Kiel","literatur
tags lesung
Location Link: https://www.hansa48.de/
Event Details Link: https://www.wasgehtapp.de/termin_details.php?id=37854426&date=2024-11-27"
Fahrradkinokombinat Muhaha im FKK,2024-11-27,20:00,,"Alte Mu (Fahrradkinokombinat), Kiel","comedy
tags comedy
Location Link: http://www.altemu.de/
Event Details Link: https://www.wasgehtapp.de/termin_details.php?id=37956710&date=2024-11-27"
Hansen oder die Sache mit dem Pinguin,2024-11-27,09:00,,"Niederdeutsche Bühne, Kiel","theater
Location Link: https://www.niederdeutschebuehne-kiel.de/
Event Details Link: https://www.wasgehtapp.de/termin_details.php?id=36623858&date=2024-11-27"
TIERE IM HOTEL,2024-11-27,10:30,,"Theater im Werftpark, Kiel","theater
Location Link: https://www.theater-kiel.de/
Event Details Link: https://www.wasgehtapp.de/termin_details.php?id=37416808&date=2024-11-27"
Werkommtderkommt,2024-11-27,20:00,,"Güterbahnhof, Kiel","theater
Die Überraschungsshow mit Promis und Liveband
Location Link: http://www.budenzauber-catering.de/
Event Details Link: https://www.wasgehtapp.de/termin_details.php?id=37238130&date=2024-11-27"
Kiel festhalten. Stadtansichten von Gretel Riemann,2024-11-27,11:30,,"Stadtmuseum Warleberger Hof, Kiel","vortrag
tags (teilw.) eintritt frei
Location Link: https://www.kiel.de/de/kultur_freizeit/museum/stadtmuseum_warleberger_hof.php
Event Details Link: https://www.wasgehtapp.de/termin_details.php?id=37953893&date=2024-11-27"
Public Viewing: Champions League,2024-11-27,21:00,,"The Public, Kiel","sport
Live auf 3 Leinwänden und 10 Screens
Location Link: http://thepublic-pubandbar.com/
Event Details Link: https://www.wasgehtapp.de/termin_details.php?id=38311493&date=2024-11-27"
Chaos and Order,2024-11-27,17:00,,"Mediendom, Kiel","medien
Eintritt: 11,00 €
Location Link: http://www.mediendom.de/
Event Details Link: https://www.wasgehtapp.de/termin_details.php?id=37673832&date=2024-11-27"
The Dark Side of the Moon Planetarium Experience,2024-11-27,18:30,,"Mediendom, Kiel","medien
Eintritt: 12,00 €
Location Link: http://www.mediendom.de/
Event Details Link: https://www.wasgehtapp.de/termin_details.php?id=37673833&date=2024-11-27"
Kneipenquiz,2024-11-27,19:00,,"Nihil, Kiel","sonstige
Wissen, Raten, Rätseln und Schätzen
Location Link: https://www.facebook.com/NihilKiel/
Event Details Link: https://www.wasgehtapp.de/termin_details.php?id=32182732&date=2024-11-27"
Somalischer Spieleabend,2024-11-27,19:30,,"Kulturladen Leuchtturm, Kiel","sonstige
Location Link: http://www.kulturladen-leuchtturm.info/
Event Details Link: https://www.wasgehtapp.de/termin_details.php?id=37687687&date=2024-11-27"
Pub Quiz,2024-11-27,19:30,,"Mc Langs Irish Pub, Kiel","sonstige
Location Link: https://www.mc-langs.de/
Event Details Link: https://www.wasgehtapp.de/termin_details.php?id=28447588&date=2024-11-27"
Kieler Weihnachtsmarkt,2024-11-27,,,"Innenstadt, Kiel","sonstige
Location Link: https://www.kiel.de/
Event Details Link: https://www.wasgehtapp.de/termin_details.php?id=38320808&date=2024-11-27"
Stadtwerke Eisfestival,2024-11-27,,,"Germania Hafen, Kiel","sonstige
Event Details Link: https://www.wasgehtapp.de/termin_details.php?id=35121734&date=2024-11-27"
1918 - 1989 - HEUTE ? AUSSTELLUNG - ALEXANDER TORDAY,2024-11-27,15:00,,"Kulturstation Toweddern, Kiel","kunst
Location Link: https://kulturinitiative-elmschenhagen.de/
Event Details Link: https://www.wasgehtapp.de/termin_details.php?id=38231528&date=2024-11-27"
Jam SESSION - Akustik & Unplugged,2024-11-28,18:00,,"Siebeneck & Triangel, Kiel","konzert
Location Link: https://www.siebeneck-triangel.de/
Event Details Link: https://www.wasgehtapp.de/termin_details.php?id=37774098&date=2024-11-28"
Schwarmsingen mit Winni,2024-11-28,18:30,,"Siebeneck & Triangel, Kiel","konzert
Singen für Alle
Location Link: https://www.siebeneck-triangel.de/
Event Details Link: https://www.wasgehtapp.de/termin_details.php?id=38228555&date=2024-11-28"
Joe Astray im Prinz Willy,2024-11-28,20:00,,"Prinz Willy, Kiel","konzert
tags (teilw.) eintritt frei
Location Link: https://www.prinzwilly.de/
Event Details Link: https://www.wasgehtapp.de/termin_details.php?id=37073399&date=2024-11-28"
Konzert: Three for silver,2024-11-28,20:00,,"Kulturladen Leuchtturm, Kiel","konzert
Schach spielen, 20 €
Location Link: http://www.kulturladen-leuchtturm.info/
Event Details Link: https://www.wasgehtapp.de/termin_details.php?id=37337081&date=2024-11-28"
Aktion Leselust: Vorlesestunden für Kinder ab ca. 4 Jahren,2024-11-28,16:00,,"Stadtbücherei, Preetz, Kiel","literatur
tags kinder
Location Link: http://www.stadtbuecherei-preetz.de/
Event Details Link: https://www.wasgehtapp.de/termin_details.php?id=37334653&date=2024-11-28"
Falk Pyrczek – Immer zu viel,2024-11-28,20:00,,"Pumpe (Saal), Kiel","literatur
Lesung
Location Link: https://www.diepumpe.de/
Event Details Link: https://www.wasgehtapp.de/termin_details.php?id=36977394&date=2024-11-28"
Hansen oder die Sache mit dem Pinguin,2024-11-28,09:00,,"Niederdeutsche Bühne, Kiel","theater
Location Link: https://www.niederdeutschebuehne-kiel.de/
Event Details Link: https://www.wasgehtapp.de/termin_details.php?id=36623859&date=2024-11-28"
West Side Story,2024-11-28,19:00,,"Opernhaus, Kiel","theater
mit deutschen Dialogen und englischen Songs mit Übertiteln Musical in zwei Akt..
Location Link: https://www.theater-kiel.de/
Event Details Link: https://www.wasgehtapp.de/termin_details.php?id=37416979&date=2024-11-28"
Wilde Reise durch die Nacht von Walter Moers,2024-11-28,20:00,,"Hansa48, Kiel","theater
Location Link: https://www.hansa48.de/
Event Details Link: https://www.wasgehtapp.de/termin_details.php?id=37854425&date=2024-11-28"
Kiel festhalten. Stadtansichten von Gretel Riemann,2024-11-28,11:30,,"Stadtmuseum Warleberger Hof, Kiel","vortrag
tags (teilw.) eintritt frei
Location Link: https://www.kiel.de/de/kultur_freizeit/museum/stadtmuseum_warleberger_hof.php
Event Details Link: https://www.wasgehtapp.de/termin_details.php?id=37953893&date=2024-11-28"
GameDay,2024-11-28,16:00,,"Stadtteilbücherei Gaarden, Kiel","sonstige
Für Kinder (6-10 Jahre)
Event Details Link: https://www.wasgehtapp.de/termin_details.php?id=37855079&date=2024-11-28"
Zauberlichterwald,2024-11-28,16:30,,"Schloss Hagen, Probsteierhagen, Kiel","sonstige
Interaktive Lichterwelt
Location Link: https://www.schloss-hagen.de/
Event Details Link: https://www.wasgehtapp.de/termin_details.php?id=38318049&date=2024-11-28"
Basteln für Erwachsene,2024-11-28,18:00,,"Stadtteilbücherei Dietrichsdorf, Kiel","sonstige
Event Details Link: https://www.wasgehtapp.de/termin_details.php?id=37855080&date=2024-11-28"
SPROTTENMILONGA // Trad. Tango,2024-11-28,19:30,,"Blauer Engel, Kiel","sonstige
Location Link: https://www.blauerengel-kiel.de/
Event Details Link: https://www.wasgehtapp.de/termin_details.php?id=36272798&date=2024-11-28"
Kieler Weihnachtsmarkt,2024-11-28,,,"Innenstadt, Kiel","sonstige
Location Link: https://www.kiel.de/
Event Details Link: https://www.wasgehtapp.de/termin_details.php?id=38320808&date=2024-11-28"
Stadtwerke Eisfestival,2024-11-28,,,"Germania Hafen, Kiel","sonstige
Event Details Link: https://www.wasgehtapp.de/termin_details.php?id=35121734&date=2024-11-28"
1918 - 1989 - HEUTE ? AUSSTELLUNG - ALEXANDER TORDAY,2024-11-28,15:00,,"Kulturstation Toweddern, Kiel","kunst
Location Link: https://kulturinitiative-elmschenhagen.de/
Event Details Link: https://www.wasgehtapp.de/termin_details.php?id=38231529&date=2024-11-28"
Malte Behrens – Nothing left for the Hunter,2024-11-28,19:00,,"Galerie K34, Kiel","kunst
Location Link: https://k34.org/
Event Details Link: https://www.wasgehtapp.de/termin_details.php?id=38320533&date=2024-11-28"
JAM SESSION,2024-11-29,18:00,,"Siebeneck & Triangel, Kiel","konzert
tags (teilw.) eintritt frei
Location Link: https://www.siebeneck-triangel.de/
Event Details Link: https://www.wasgehtapp.de/termin_details.php?id=29781635&date=2024-11-29"
6nach6,2024-11-29,18:06,,"Stephanuskirche, Kiel","konzert
Location Link: https://www.trinitatis-kiel.de/
Event Details Link: https://www.wasgehtapp.de/termin_details.php?id=38319932&date=2024-11-29"
Podium der Jungen – 1. Meisterklasse,2024-11-29,19:00,,"Förde Sparkasse am Lorentzendamm, Kiel","konzert
tags cello
Event Details Link: https://www.wasgehtapp.de/termin_details.php?id=37673866&date=2024-11-29"
BAD AGE + MUSTANGS OF FIRE [Heavy Classic Rock],2024-11-29,19:00,,"Schaubude im Hinterhof, Kiel","konzert
tags rock, gitarre, orgel
Location Link: http://schaubude-kiel.de/
Event Details Link: https://www.wasgehtapp.de/termin_details.php?id=38236777&date=2024-11-29"
„Home for Christmas“ 2024,2024-11-29,19:30,,"Petruskirche, Kiel","konzert
DIE JUBILÄUMSTOUR
Location Link: http://www.akg-kiel.de/
Event Details Link: https://www.wasgehtapp.de/termin_details.php?id=37575045&date=2024-11-29"
"VorWeihNachtsFestival o24 > JENS KOMMNICK - Celtic Fingerstyle mit Einflüssen aus Klassik, Jazz und Rock (2)",2024-11-29,19:30,,"Alte Meierei am See, Postfeld, Kiel","konzert
tags rock, klassik, jazz
Location Link: https://www.alte-meierei-am-see.de/
Event Details Link: https://www.wasgehtapp.de/termin_details.php?id=37502567&date=2024-11-29"
Live: Vagabund Klezmerband. Releasekonzert zum neuen Album Zephyrus,2024-11-29,20:00,,"Hansa48, Kiel","konzert
Location Link: https://www.hansa48.de/
Event Details Link: https://www.wasgehtapp.de/termin_details.php?id=37854424&date=2024-11-29"
"Arne Jansen, Anders Jormin, Uwe Steinmetz: The Pilgrimage",2024-11-29,20:00,,"Kulturforum, Kiel","konzert
tags klassik, jazz, gitarre
Location Link: http://www.kiel.de/kultur/kulturforum/
Event Details Link: https://www.wasgehtapp.de/termin_details.php?id=38225408&date=2024-11-29"
Jugenddisco 12-15 Jahre,2024-11-29,18:00,,"Pumpe (Roter Salon), Kiel","disco
Party
Location Link: https://www.diepumpe.de/
Event Details Link: https://www.wasgehtapp.de/termin_details.php?id=36977395&date=2024-11-29"
TANZ INS BLAUE // Der große Tanzabend,2024-11-29,20:30,,"Blauer Engel, Kiel","disco
tags (teilw.) eintritt frei
Location Link: https://www.blauerengel-kiel.de/
Event Details Link: https://www.wasgehtapp.de/termin_details.php?id=38151173&date=2024-11-29"
Sal Y Perrea,2024-11-29,22:00,,"Traum GmbH, Kiel","disco
Reggaeton, Afrobeats, Latin-/Blackmusic
Location Link: https://traumgmbh.de/
Event Details Link: https://www.wasgehtapp.de/termin_details.php?id=37239468&date=2024-11-29"
Abiparty,2024-11-29,22:00,,"Traum GmbH, Kiel","disco
Isarnwohld-Schule
Location Link: https://traumgmbh.de/
Event Details Link: https://www.wasgehtapp.de/termin_details.php?id=38147605&date=2024-11-29"
Fachschaft Soziale Arbeit und Gesundheit: Partyzipation,2024-11-29,22:00,,"Alte Meierei, Kiel","disco
Location Link: https://www.altemeierei.de/
Event Details Link: https://www.wasgehtapp.de/termin_details.php?id=38312193&date=2024-11-29"
Freaky Friday,2024-11-29,22:00,,"Birdcage, Kiel","disco
Location Link: http://www.birdcage-kiel.de/
Event Details Link: https://www.wasgehtapp.de/termin_details.php?id=30255024&date=2024-11-29"
NIKKI`s 360° Show,2024-11-29,23:00,,"Pumpe, Kiel","disco
10€
Location Link: https://www.diepumpe.de/
Event Details Link: https://www.wasgehtapp.de/termin_details.php?id=37958343&date=2024-11-29"
Masquerade Party,2024-11-29,23:00,,"Tucholsky, Kiel","disco
8,00 EUR
Location Link: http://www.tucholskykiel.de/
Event Details Link: https://www.wasgehtapp.de/termin_details.php?id=38320995&date=2024-11-29"
NACHTSEMESTER,2024-11-29,23:00,,"Max Nachttheater, Kiel","disco
tags house, black, charts
Location Link: https://www.max-kiel.de/
Event Details Link: https://www.wasgehtapp.de/termin_details.php?id=38048868&date=2024-11-29"
SCHIEBT ANDERS w/ special guest PARAÇEK support by ALI BABY x SPIELKAMERAD,2024-11-29,23:59,,"Luna Club, Kiel","disco
Trance
Location Link: https://lunaclub.com/
Event Details Link: https://www.wasgehtapp.de/termin_details.php?id=38048644&date=2024-11-29"
Das VorWeihNachtsFestival „UND WENN DAS 5. LICHTLEIN BRENNT…!?!“,2024-11-29,00:00,,"Alte Meierei am See, Postfeld, Kiel","disco
Location Link: https://www.alte-meierei-am-see.de/
Event Details Link: https://www.wasgehtapp.de/termin_details.php?id=37502566&date=2024-11-29"
Poetry Slam-Duell - POETRY,2024-11-29,19:30,,"Kulturstation Toweddern, Kiel","literatur
Location Link: https://kulturinitiative-elmschenhagen.de/
Event Details Link: https://www.wasgehtapp.de/termin_details.php?id=37860285&date=2024-11-29"
Bodo Wartke,2024-11-29,20:00,,"Lutterbeker, Lutterbek, Kiel","literatur
Location Link: https://www.lutterbeker.de/
Event Details Link: https://www.wasgehtapp.de/termin_details.php?id=37687249&date=2024-11-29"
Hansen oder die Sache mit dem Pinguin,2024-11-29,09:00,,"Niederdeutsche Bühne, Kiel","theater
Location Link: https://www.niederdeutschebuehne-kiel.de/
Event Details Link: https://www.wasgehtapp.de/termin_details.php?id=36623860&date=2024-11-29"
TIERE IM HOTEL,2024-11-29,10:30,,"Theater im Werftpark, Kiel","theater
Location Link: https://www.theater-kiel.de/
Event Details Link: https://www.wasgehtapp.de/termin_details.php?id=37416809&date=2024-11-29"
Der Rosenkavalier,2024-11-29,18:00,,"Opernhaus, Kiel","theater
in deutscher Sprache mit Übertiteln
Location Link: https://www.theater-kiel.de/
Event Details Link: https://www.wasgehtapp.de/termin_details.php?id=37416784&date=2024-11-29"
Catcher in the Sky,2024-11-29,19:00,,"Mensa I am Westring (Bühne im Großen Saal (1.OG)), Kiel","theater
Location Link: http://www.uni-kiel.de/stwsh/
Event Details Link: https://www.wasgehtapp.de/termin_details.php?id=38233342&date=2024-11-29"
Malala,2024-11-29,19:30,,"Theater im Werftpark, Kiel","theater
tags kinder
Location Link: https://www.theater-kiel.de/
Event Details Link: https://www.wasgehtapp.de/termin_details.php?id=37417021&date=2024-11-29"
Weiber 3 - Der Berg ruft,2024-11-29,19:30,,"Lore & Lay Theaterfrachter Kiel, Kiel","theater
ab 31,00 €
Location Link: https://loreundlay-theater-schiff.de/
Event Details Link: https://www.wasgehtapp.de/termin_details.php?id=36706106&date=2024-11-29"
Arsen und Spitzenhäubchen,2024-11-29,20:00,,"Schauspielhaus, Kiel","theater
Location Link: https://www.theater-kiel.de/
Event Details Link: https://www.wasgehtapp.de/termin_details.php?id=37416913&date=2024-11-29"
"""Anne-Marie die Schönheit"" von Yasmina Reza -",2024-11-29,20:00,,"Theater Die Komödianten, Kiel","theater
ab 25,00 €
Location Link: https://die-komoedianten.de/
Event Details Link: https://www.wasgehtapp.de/termin_details.php?id=37068952&date=2024-11-29"
DeichArt: The Kieler Shining,2024-11-29,20:00,,"Hotel Maritim (Backbord Bar), Kiel","theater
Location Link: https://www.maritim.de/
Event Details Link: https://www.wasgehtapp.de/termin_details.php?id=37587825&date=2024-11-29"
De Bank in Park,2024-11-29,20:00,,"Lachmöwen-Theater, Laboe, Kiel","theater
Location Link: https://www.lachmoewen.de/
Event Details Link: https://www.wasgehtapp.de/termin_details.php?id=36208559&date=2024-11-29"
Kiel festhalten. Stadtansichten von Gretel Riemann,2024-11-29,11:30,,"Stadtmuseum Warleberger Hof, Kiel","vortrag
tags (teilw.) eintritt frei
Location Link: https://www.kiel.de/de/kultur_freizeit/museum/stadtmuseum_warleberger_hof.php
Event Details Link: https://www.wasgehtapp.de/termin_details.php?id=37953893&date=2024-11-29"
»Medien und Künstliche Intelligenz«,2024-11-29,16:00,,"Literaturhaus, Kiel","vortrag
Vortrag von Lena Falkenhagen
Location Link: https://literaturhaus-sh.de/
Event Details Link: https://www.wasgehtapp.de/termin_details.php?id=37952446&date=2024-11-29"
Auswärtsspiele - Holstein Kiel II - VfB Lübeck,2024-11-29,19:30,,"Holstein-Stadion, Kiel","sport
Location Link: https://www.holstein-kiel.de/
Event Details Link: https://www.wasgehtapp.de/termin_details.php?id=38237054&date=2024-11-29"
Public Viewing: FC St. Pauli - Holstein Kiel,2024-11-29,20:30,,"The Public, Kiel","sport
Live auf 3 Leinwänden und 10 Screens
Location Link: http://thepublic-pubandbar.com/
Event Details Link: https://www.wasgehtapp.de/termin_details.php?id=38311495&date=2024-11-29"
Zauberlichterwald,2024-11-29,16:30,,"Schloss Hagen, Probsteierhagen, Kiel","sonstige
Interaktive Lichterwelt
Location Link: https://www.schloss-hagen.de/
Event Details Link: https://www.wasgehtapp.de/termin_details.php?id=38318050&date=2024-11-29"
Eröffnung der N.i.L. Christmas Piazza,2024-11-29,18:00,,"N.i.L., Kiel","sonstige
Location Link: https://www.nil-kiel.de/
Event Details Link: https://www.wasgehtapp.de/termin_details.php?id=37588560&date=2024-11-29"
Crime Quiz Abend im Prinz Willy,2024-11-29,20:00,,"Prinz Willy, Kiel","sonstige
Location Link: https://www.prinzwilly.de/
Event Details Link: https://www.wasgehtapp.de/termin_details.php?id=38311595&date=2024-11-29"
Irische Nacht,2024-11-29,20:00,,"Hof Akkerboom, Kiel","sonstige
Location Link: http://www.hof-akkerboom.de/
Event Details Link: https://www.wasgehtapp.de/termin_details.php?id=38127344&date=2024-11-29"
Kieler Weihnachtsmarkt,2024-11-29,,,"Innenstadt, Kiel","sonstige
Location Link: https://www.kiel.de/
Event Details Link: https://www.wasgehtapp.de/termin_details.php?id=38320808&date=2024-11-29"
Stadtwerke Eisfestival,2024-11-29,,,"Germania Hafen, Kiel","sonstige
Event Details Link: https://www.wasgehtapp.de/termin_details.php?id=35121734&date=2024-11-29"
KUNSTMESSE KIEL Vernissage,2024-11-29,19:00,,"Ostseekai (Cruise Terminal), Kiel","kunst
10 €
Event Details Link: https://www.wasgehtapp.de/termin_details.php?id=37952891&date=2024-11-29"
ADVENTSSINGEN Sing´mit uns!,2024-11-30,15:00,,"Bernhard-Minetti-Platz, Kiel","konzert
Event Details Link: https://www.wasgehtapp.de/termin_details.php?id=37588561&date=2024-11-30"
JAM SESSION am Samstag - Genresessions,2024-11-30,18:00,,"Siebeneck & Triangel, Kiel","konzert
tags pop, stoner, psychedelic, rock, folk
Location Link: https://www.siebeneck-triangel.de/
Event Details Link: https://www.wasgehtapp.de/termin_details.php?id=38225105&date=2024-11-30"
MAGNIFICAT / WEIHNACHTSORATORIUM I-III,2024-11-30,19:00,,"Ansgar-Kirche, Kiel","konzert
Carl Philipp Emanuel Bach: Magnificat
Location Link: https://www.heiligengeist-kiel.de/
Event Details Link: https://www.wasgehtapp.de/termin_details.php?id=37772774&date=2024-11-30"
CELTIC SPIRIT - a celtic christmas night,2024-11-30,19:30,,"Petruskirche, Kiel","konzert
auf weihnachtlicher Tour in Deutschland
Location Link: http://www.akg-kiel.de/
Event Details Link: https://www.wasgehtapp.de/termin_details.php?id=36367634&date=2024-11-30"
BRAINDROPS - KONZERT,2024-11-30,19:30,,"Kulturstation Toweddern, Kiel","konzert
tags gitarre, trompete, klavier
Location Link: https://kulturinitiative-elmschenhagen.de/
Event Details Link: https://www.wasgehtapp.de/termin_details.php?id=37772287&date=2024-11-30"
SPLINTER + VUG,2024-11-30,20:00,,"Pumpe (Roter Salon), Kiel","konzert
Konzert
Location Link: https://www.diepumpe.de/
Event Details Link: https://www.wasgehtapp.de/termin_details.php?id=37946965&date=2024-11-30"
The Magical Sunshine Buddies,2024-11-30,20:00,,"Prinz Willy, Kiel","konzert
tags (teilw.) eintritt frei, rock, blues
Location Link: https://www.prinzwilly.de/
Event Details Link: https://www.wasgehtapp.de/termin_details.php?id=37510201&date=2024-11-30"
Live: Nils Frevert - Pseudopoesie,2024-11-30,20:00,,"Hansa48, Kiel","konzert
Location Link: https://www.hansa48.de/
Event Details Link: https://www.wasgehtapp.de/termin_details.php?id=37139235&date=2024-11-30"
Förde trifft Schelde,2024-11-30,20:00,,"Kulturforum, Kiel","konzert
ein Werkstattkonzert mit Mister Eddie (Kiel) und Hopscotch (Antwerpen)
Location Link: http://www.kiel.de/kultur/kulturforum/
Event Details Link: https://www.wasgehtapp.de/termin_details.php?id=38225409&date=2024-11-30"
Schmelztiegel,2024-11-30,20:30,,"Savoy, Bordesholm, Kiel","konzert
tags gitarre, geige, akkordeon
Location Link: https://savoy-bordesholm.de/
Event Details Link: https://www.wasgehtapp.de/termin_details.php?id=37845666&date=2024-11-30"
A Cappella Party - A cappella,2024-11-30,19:00,,"CAU Audimax, Kiel","disco
Location Link: https://www.uni-kiel.de/de/
Event Details Link: https://www.wasgehtapp.de/termin_details.php?id=37857024&date=2024-11-30"
Rockabilly Night Vol. 8,2024-11-30,20:00,,"Traum GmbH, Kiel","disco
mit the Royal flush und DJ Alex *live*!
Location Link: https://traumgmbh.de/
Event Details Link: https://www.wasgehtapp.de/termin_details.php?id=37774147&date=2024-11-30"
Party on 2 floors DYNAMITE,2024-11-30,23:00,,"Luna Club, Kiel","disco
Trance, Hits, Classics
Location Link: https://lunaclub.com/
Event Details Link: https://www.wasgehtapp.de/termin_details.php?id=38048645&date=2024-11-30"
Tucholsky,2024-11-30,23:00,,"Tucholsky, Kiel","disco
8 €
Location Link: http://www.tucholskykiel.de/
Event Details Link: https://www.wasgehtapp.de/termin_details.php?id=237&date=2024-11-30"
Bad Girls Club,2024-11-30,23:00,,"Max Nachttheater, Kiel","disco
tags house, charts
Location Link: https://www.max-kiel.de/
Event Details Link: https://www.wasgehtapp.de/termin_details.php?id=38048869&date=2024-11-30"
SONIC TRIP Psytrance & Techno,2024-11-30,23:00,,"Hochbunker, Kiel","disco
tags techno
Event Details Link: https://www.wasgehtapp.de/termin_details.php?id=38141918&date=2024-11-30"
Marco Gianni,2024-11-30,20:00,,"Max Nachttheater, Kiel","comedy
Location Link: https://www.max-kiel.de/
Event Details Link: https://www.wasgehtapp.de/termin_details.php?id=35668395&date=2024-11-30"
Poetry Slam (moderiert von Björn Högsdal),2024-11-30,20:00,,"Kultur-und Bildungszentrum, Gettorf, Kiel","comedy
14 EURO, Ermäßigung 8 EURO
Location Link: https://www.gettorf.de/gemeinde_gettorf/Kultur&Bildung/Kultur-%20und%20Bildungszentrum/
Event Details Link: https://www.wasgehtapp.de/termin_details.php?id=37854411&date=2024-11-30"
"Oh, wie schön ist Panama",2024-11-30,11:00,,"Theater im Werftpark, Kiel","theater
Ab 3 Jahren
Location Link: https://www.theater-kiel.de/
Event Details Link: https://www.wasgehtapp.de/termin_details.php?id=37417035&date=2024-11-30"
Hansen oder die Sache mit dem Pinguin,2024-11-30,14:30,,"Niederdeutsche Bühne, Kiel","theater
Location Link: https://www.niederdeutschebuehne-kiel.de/
Event Details Link: https://www.wasgehtapp.de/termin_details.php?id=36623861&date=2024-11-30"
Weiber 3 - Der Berg ruft,2024-11-30,16:00,,"Lore & Lay Theaterfrachter Kiel, Kiel","theater
ab 31,00 €
Location Link: https://loreundlay-theater-schiff.de/
Event Details Link: https://www.wasgehtapp.de/termin_details.php?id=36706143&date=2024-11-30"
Die Fledermaus,2024-11-30,19:00,,"Opernhaus, Kiel","theater
in deutscher Sprache mit Übertiteln
Location Link: https://www.theater-kiel.de/
Event Details Link: https://www.wasgehtapp.de/termin_details.php?id=37416771&date=2024-11-30"
Arsen und Spitzenhäubchen,2024-11-30,20:00,,"Schauspielhaus, Kiel","theater
Location Link: https://www.theater-kiel.de/
Event Details Link: https://www.wasgehtapp.de/termin_details.php?id=37416914&date=2024-11-30"
"""Anne-Marie die Schönheit"" von Yasmina Reza -",2024-11-30,20:00,,"Theater Die Komödianten, Kiel","theater
ab 25,00 €
Location Link: https://die-komoedianten.de/
Event Details Link: https://www.wasgehtapp.de/termin_details.php?id=37068980&date=2024-11-30"
DeichArt: The Kieler Shining,2024-11-30,20:00,,"Hotel Maritim (Backbord Bar), Kiel","theater
Location Link: https://www.maritim.de/
Event Details Link: https://www.wasgehtapp.de/termin_details.php?id=37587826&date=2024-11-30"
Weihnachten mit den drei Herren,2024-11-30,20:00,,"Kultur-Diele Elmschenhagen, Kiel","theater
Event Details Link: https://www.wasgehtapp.de/termin_details.php?id=36281769&date=2024-11-30"
Eingeschlossene Gesellschaft von Jan Weiler,2024-11-30,20:00,,"Verein „Maritimes Viertel“, Kiel","theater
17€/ 12 € ermäßigt
Location Link: http://maritimesviertel.de/
Event Details Link: https://www.wasgehtapp.de/termin_details.php?id=37066400&date=2024-11-30"
Lounge 21 / 22 / 23,2024-11-30,22:00,,"Opernhaus (Foyer), Kiel","theater
Das Chill-Out-Programm der Oper Kiel
Location Link: https://www.theater-kiel.de/
Event Details Link: https://www.wasgehtapp.de/termin_details.php?id=38145828&date=2024-11-30"
De Bank in Park,2024-11-30,22:00,,"Lachmöwen-Theater, Laboe, Kiel","theater
Location Link: https://www.lachmoewen.de/
Event Details Link: https://www.wasgehtapp.de/termin_details.php?id=36208560&date=2024-11-30"
Kiel festhalten. Stadtansichten von Gretel Riemann,2024-11-30,11:30,,"Stadtmuseum Warleberger Hof, Kiel","vortrag
tags (teilw.) eintritt frei
Location Link: https://www.kiel.de/de/kultur_freizeit/museum/stadtmuseum_warleberger_hof.php
Event Details Link: https://www.wasgehtapp.de/termin_details.php?id=37953893&date=2024-11-30"
Was ist NLP?,2024-11-30,16:00,,"NLP Akademie, Kiel","vortrag
tags (teilw.) eintritt frei
Location Link: http://www.nlp-kiel.de/
Event Details Link: https://www.wasgehtapp.de/termin_details.php?id=38319685&date=2024-11-30"
Der Balkan,2024-11-30,19:00,,"Lebensraum (Adventgemeinde Kiel), Kiel","vortrag
Reisevortrag
Location Link: https://kiel.adventist.eu/
Event Details Link: https://www.wasgehtapp.de/termin_details.php?id=37685487&date=2024-11-30"
Skate Fever - Schaulaufen der REG Kiel e.V.,2024-11-30,15:00,,"Stralsundhalle, Kiel","sport
Schaulaufen der REG Kiel e.V.
Event Details Link: https://www.wasgehtapp.de/termin_details.php?id=38318040&date=2024-11-30"
Bundesliga Public Viewing: BVB Dortmund - FC Bayern München,2024-11-30,15:30,,"The Public, Kiel","sport
Live auf 3 Leinwänden und 10 Screens
Location Link: http://thepublic-pubandbar.com/
Event Details Link: https://www.wasgehtapp.de/termin_details.php?id=38311496&date=2024-11-30"
THW Kiel - HSG Wetzlar,2024-11-30,19:00,,"Wunderino Arena, Kiel","sport
Bundesliga
Location Link: https://www.wunderino-arena.de/
Event Details Link: https://www.wasgehtapp.de/termin_details.php?id=37673599&date=2024-11-30"
Skate Fever - Schaulaufen der REG Kiel e.V.,2024-11-30,19:00,,"Stralsundhalle, Kiel","sport
Schaulaufen der REG Kiel e.V.
Event Details Link: https://www.wasgehtapp.de/termin_details.php?id=38318041&date=2024-11-30"
Armstrong,2024-11-30,14:00,,"Mediendom, Kiel","medien
tags kinder
Location Link: http://www.mediendom.de/
Event Details Link: https://www.wasgehtapp.de/termin_details.php?id=37673834&date=2024-11-30"
Dinosaurier und das Abenteuer des Fliegens,2024-11-30,15:30,,"Mediendom, Kiel","medien
Eintritt: 10,00 €
Location Link: http://www.mediendom.de/
Event Details Link: https://www.wasgehtapp.de/termin_details.php?id=37673835&date=2024-11-30"
Unendliche Weiten,2024-11-30,18:30,,"Mediendom, Kiel","medien
Eintritt: 10,00€
Location Link: http://www.mediendom.de/
Event Details Link: https://www.wasgehtapp.de/termin_details.php?id=37673836&date=2024-11-30"
Queerer Flohmarkt,2024-11-30,10:00,,"Pumpe (Saal), Kiel","sonstige
Markt
Location Link: https://www.diepumpe.de/
Event Details Link: https://www.wasgehtapp.de/termin_details.php?id=37768544&date=2024-11-30"
Weihnachtsmarkt im Museum,2024-11-30,11:00,,"Heimatmuseum, Preetz, Kiel","sonstige
Location Link: https://www.museum-preetz.de/
Event Details Link: https://www.wasgehtapp.de/termin_details.php?id=38143399&date=2024-11-30"
Zauberlichterwald,2024-11-30,16:30,,"Schloss Hagen, Probsteierhagen, Kiel","sonstige
Interaktive Lichterwelt
Location Link: https://www.schloss-hagen.de/
Event Details Link: https://www.wasgehtapp.de/termin_details.php?id=38318051&date=2024-11-30"
Kieler Weihnachtsmarkt,2024-11-30,,,"Innenstadt, Kiel","sonstige
Location Link: https://www.kiel.de/
Event Details Link: https://www.wasgehtapp.de/termin_details.php?id=38320808&date=2024-11-30"
Stadtwerke Eisfestival,2024-11-30,,,"Germania Hafen, Kiel","sonstige
Event Details Link: https://www.wasgehtapp.de/termin_details.php?id=35121734&date=2024-11-30"
KUNSTMESSE KIEL,2024-11-30,11:00,,"Ostseekai (Cruise Terminal), Kiel","kunst
Event Details Link: https://www.wasgehtapp.de/termin_details.php?id=37952892&date=2024-11-30"
Musikalische Perlen der Ostseeregion,2024-12-01,11:00,,"musiculum, Kiel","konzert
tags cello, geige, klavier
Location Link: https://musiculum.de/
Event Details Link: https://www.wasgehtapp.de/termin_details.php?id=38403853&date=2024-12-01"
Akkordeon – Klangfarben hoch zwei,2024-12-01,16:00,,"Petruskirche, Kiel","konzert
tags (teilw.) eintritt frei, akkordeon
Location Link: http://www.akg-kiel.de/
Event Details Link: https://www.wasgehtapp.de/termin_details.php?id=37946780&date=2024-12-01"
"Mache dich auf, werde Licht - Adventskonzert mit dem Madrigalchor Kiel",2024-12-01,17:00,,"St. Nikolai-Kirche, Kiel","konzert
Adventskonzert mit dem Madrigalchor Kiel
Location Link: http://www.st-nikolai-kiel.de/
Event Details Link: https://www.wasgehtapp.de/termin_details.php?id=38314781&date=2024-12-01"
MAGNIFICAT / WEIHNACHTSORATORIUM I-III,2024-12-01,17:00,,"Pauluskirche, Kiel","konzert
Location Link: https://www.heiligengeist-kiel.de/
Event Details Link: https://www.wasgehtapp.de/termin_details.php?id=37772775&date=2024-12-01"
Swinging Christmas Kiel,2024-12-01,17:00,,"St. Heinrich Kirche, Kiel","konzert
Swinging Christmas
Location Link: https://www.st-heinrich-kiel.de/
Event Details Link: https://www.wasgehtapp.de/termin_details.php?id=37673124&date=2024-12-01"
6. Flintbeker Herbstkonzerte,2024-12-01,17:00,,"Evangelische Kirche , Flintbek, Kiel","konzert
Gongkonzert
Location Link: http://www.kirchengemeinde-flintbek.de/
Event Details Link: https://www.wasgehtapp.de/termin_details.php?id=37664844&date=2024-12-01"
Kinderdisco,2024-12-01,15:00,,"Traum GmbH, Kiel","disco
Spaß für die ganze Familie!
Location Link: https://traumgmbh.de/
Event Details Link: https://www.wasgehtapp.de/termin_details.php?id=38046203&date=2024-12-01"
Niederdeutsche Bühne Kiel,2024-12-01,16:00,,"Hof Akkerboom, Kiel","literatur
Location Link: http://www.hof-akkerboom.de/
Event Details Link: https://www.wasgehtapp.de/termin_details.php?id=38127345&date=2024-12-01"
Bodo Wartke,2024-12-01,19:00,,"Lutterbeker, Lutterbek, Kiel","literatur
Location Link: https://www.lutterbeker.de/
Event Details Link: https://www.wasgehtapp.de/termin_details.php?id=37687250&date=2024-12-01"
Hansen oder die Sache mit dem Pinguin,2024-12-01,11:00,,"Niederdeutsche Bühne, Kiel","theater
Location Link: https://www.niederdeutschebuehne-kiel.de/
Event Details Link: https://www.wasgehtapp.de/termin_details.php?id=36623862&date=2024-12-01"
Weihnachtsmärchen 2024 – „Rumpelstilzchen“,2024-12-01,11:00,,"Friedrich Ebert Halle, Preetz, Kiel","theater
Event Details Link: https://www.wasgehtapp.de/termin_details.php?id=37502687&date=2024-12-01"
"Mitspieltheater ""Schneewittchen""",2024-12-01,12:00,,"Traum GmbH (Orange Club), Kiel","theater
Interaktives Theater für die ganze Familie
Location Link: https://traumgmbh.de/
Event Details Link: https://www.wasgehtapp.de/termin_details.php?id=37588704&date=2024-12-01"
Eine Weihnachtsgeschichte,2024-12-01,14:30,,"Opernhaus, Kiel","theater
Musiktheater für junges Publikum nach Charles Dickens
Location Link: https://www.theater-kiel.de/
Event Details Link: https://www.wasgehtapp.de/termin_details.php?id=37860639&date=2024-12-01"
Der Mond und das Boot,2024-12-01,15:00,,"Theater im Werftpark, Kiel","theater
Location Link: https://www.theater-kiel.de/
Event Details Link: https://www.wasgehtapp.de/termin_details.php?id=37417008&date=2024-12-01"
TIERE IM HOTEL,2024-12-01,15:00,,"Theater im Werftpark, Kiel","theater
Location Link: https://www.theater-kiel.de/
Event Details Link: https://www.wasgehtapp.de/termin_details.php?id=37416800&date=2024-12-01"
Weihnachtsmärchen 2024 – „Rumpelstilzchen“,2024-12-01,15:00,,"Friedrich Ebert Halle, Preetz, Kiel","theater
Event Details Link: https://www.wasgehtapp.de/termin_details.php?id=37502688&date=2024-12-01"
Weiber 3 - Der Berg ruft,2024-12-01,15:00,,"Lore & Lay Theaterfrachter Kiel, Kiel","theater
ab 31,00 €
Location Link: https://loreundlay-theater-schiff.de/
Event Details Link: https://www.wasgehtapp.de/termin_details.php?id=36706187&date=2024-12-01"
Weihnachtsmärchen: Die Schneekönigin,2024-12-01,16:00,,"Savoy, Bordesholm, Kiel","theater
Location Link: https://savoy-bordesholm.de/
Event Details Link: https://www.wasgehtapp.de/termin_details.php?id=36695556&date=2024-12-01"
De Bank in Park,2024-12-01,16:00,,"Lachmöwen-Theater, Laboe, Kiel","theater
Location Link: https://www.lachmoewen.de/
Event Details Link: https://www.wasgehtapp.de/termin_details.php?id=36208561&date=2024-12-01"
PREMIERE Die Weihnachtsgeschichte,2024-12-01,16:00,,"Naturerlebniszentrum Kollhorst, Kiel","theater
Märchentheater für die ganze Familie
Event Details Link: https://www.wasgehtapp.de/termin_details.php?id=37588621&date=2024-12-01"
Eine Weihnachtsgeschichte,2024-12-01,18:00,,"Opernhaus, Kiel","theater
Musiktheater für junges Publikum nach Charles Dickens
Location Link: https://www.theater-kiel.de/
Event Details Link: https://www.wasgehtapp.de/termin_details.php?id=37860640&date=2024-12-01"
Dirk Schäfer: Salto Cannibale (Uraufführung),2024-12-01,19:00,,"Schauspielhaus, Kiel","theater
eine literarisch-musikalische Spurensuche
Location Link: https://www.theater-kiel.de/
Event Details Link: https://www.wasgehtapp.de/termin_details.php?id=37772864&date=2024-12-01"
Catcher in the Sky,2024-12-01,19:00,,"Mensa I am Westring (Bühne im Großen Saal (1.OG)), Kiel","theater
Location Link: http://www.uni-kiel.de/stwsh/
Event Details Link: https://www.wasgehtapp.de/termin_details.php?id=38233343&date=2024-12-01"
"Mehr Nutten, mehr Koks – scheiss auf die Erdbeeren!",2024-12-01,19:30,,"Wunderino Arena, Kiel","theater
Abschiedstour - Die letzte Runde
Location Link: https://www.wunderino-arena.de/
Event Details Link: https://www.wasgehtapp.de/termin_details.php?id=34250749&date=2024-12-01"
Führungen im Flandernbunker,2024-12-01,11:30,,"Flandernbunker (Mahnmal Kilian e.V.), Kiel","vortrag
Location Link: http://www.mahnmalkilian.de/
Event Details Link: https://www.wasgehtapp.de/termin_details.php?id=83398&date=2024-12-01"
Kiel festhalten. Stadtansichten von Gretel Riemann,2024-12-01,11:30,,"Stadtmuseum Warleberger Hof, Kiel","vortrag
tags (teilw.) eintritt frei
Location Link: https://www.kiel.de/de/kultur_freizeit/museum/stadtmuseum_warleberger_hof.php
Event Details Link: https://www.wasgehtapp.de/termin_details.php?id=37953893&date=2024-12-01"
Skate Fever - Schaulaufen der REG Kiel e.V.,2024-12-01,16:00,,"Stralsundhalle, Kiel","sport
Schaulaufen der REG Kiel e.V.
Event Details Link: https://www.wasgehtapp.de/termin_details.php?id=38318042&date=2024-12-01"
Der Regenbogenfisch und seine Freunde,2024-12-01,14:00,,"Mediendom, Kiel","medien
Eintritt: 10,00 €
Location Link: http://www.mediendom.de/
Event Details Link: https://www.wasgehtapp.de/termin_details.php?id=38127989&date=2024-12-01"
Polaris - das Weltraum-U-Boot,2024-12-01,15:30,,"Mediendom, Kiel","medien
Eintritt: 10,00 €
Location Link: http://www.mediendom.de/
Event Details Link: https://www.wasgehtapp.de/termin_details.php?id=38127990&date=2024-12-01"
Allein im All?,2024-12-01,17:00,,"Mediendom, Kiel","medien
Eintritt: 11,00 €
Location Link: http://www.mediendom.de/
Event Details Link: https://www.wasgehtapp.de/termin_details.php?id=38127991&date=2024-12-01"
Flohmarkt kaufland Mettenhof,2024-12-01,06:00,,"Kaufland Kiel Mettenhof, Kiel","sonstige
tags flohmarkt
Event Details Link: https://www.wasgehtapp.de/termin_details.php?id=34080612&date=2024-12-01"
Flohmarkt - CITTI-PARK Kiel,2024-12-01,08:30,,"CITTI PARK Kiel, Kiel","sonstige
tags flohmarkt
Location Link: https://www.citti-park-kiel.de/
Event Details Link: https://www.wasgehtapp.de/termin_details.php?id=37986785&date=2024-12-01"
Weihnachtsmarkt im Museum,2024-12-01,11:00,,"Heimatmuseum, Preetz, Kiel","sonstige
Location Link: https://www.museum-preetz.de/
Event Details Link: https://www.wasgehtapp.de/termin_details.php?id=38143400&date=2024-12-01"
Kleider&Flohmarkt im Prinz Willy,2024-12-01,15:00,,"Prinz Willy, Kiel","sonstige
tags (teilw.) eintritt frei, flohmarkt
Location Link: https://www.prinzwilly.de/
Event Details Link: https://www.wasgehtapp.de/termin_details.php?id=38311596&date=2024-12-01"
Muddi Wintermarkt ✨,2024-12-01,15:00,,"Hansa48, Kiel","sonstige
tags (teilw.) eintritt frei
Location Link: https://www.hansa48.de/
Event Details Link: https://www.wasgehtapp.de/termin_details.php?id=38313997&date=2024-12-01"
Zauberlichterwald,2024-12-01,16:30,,"Schloss Hagen, Probsteierhagen, Kiel","sonstige
Interaktive Lichterwelt
Location Link: https://www.schloss-hagen.de/
Event Details Link: https://www.wasgehtapp.de/termin_details.php?id=38318052&date=2024-12-01"
A Cappella Party - A cappella,2024-12-01,17:00,,"CAU Audimax, Kiel","sonstige
Location Link: https://www.uni-kiel.de/de/
Event Details Link: https://www.wasgehtapp.de/termin_details.php?id=37857068&date=2024-12-01"
Jam Session für experimentelle Musik im FahrradKinoKombinat,2024-12-01,17:00,,"Alte Mu (FahrradKinoKombinat), Kiel","sonstige
Location Link: http://www.altemu.de/
Event Details Link: https://www.wasgehtapp.de/termin_details.php?id=38402187&date=2024-12-01"
TANGO AM KAI // Moderner und klassischer Tango,2024-12-01,19:30,,"Blauer Engel, Kiel","sonstige
Location Link: https://www.blauerengel-kiel.de/
Event Details Link: https://www.wasgehtapp.de/termin_details.php?id=36272793&date=2024-12-01"
Kieler Weihnachtsmarkt,2024-12-01,,,"Innenstadt, Kiel","sonstige
Location Link: https://www.kiel.de/
Event Details Link: https://www.wasgehtapp.de/termin_details.php?id=38320808&date=2024-12-01"
Stadtwerke Eisfestival,2024-12-01,,,"Germania Hafen, Kiel","sonstige
Event Details Link: https://www.wasgehtapp.de/termin_details.php?id=35121734&date=2024-12-01"
KUNSTMESSE KIEL,2024-12-01,11:00,,"Ostseekai (Cruise Terminal), Kiel","kunst
Event Details Link: https://www.wasgehtapp.de/termin_details.php?id=37952893&date=2024-12-01"
kleiner Kunstmarkt,2024-12-01,11:00,,"Kulturwerft e.V., Kiel","kunst
tags (teilw.) eintritt frei
Location Link: https://kultur-werft.de/
Event Details Link: https://www.wasgehtapp.de/termin_details.php?id=38231855&date=2024-12-01"
Kiel - Kanal heute und Stadt früher,2024-12-01,,,"Verein „Maritimes Viertel“, Kiel","kunst
Location Link: http://maritimesviertel.de/
Event Details Link: https://www.wasgehtapp.de/termin_details.php?id=35578843&date=2024-12-01"
JAZZ-CAFÉ im STATT-CAFÉ,2024-12-02,20:00,,"Statt-Café, Kiel","konzert
tags jazz
Location Link: https://www.statt-cafe-kiel.de/
Event Details Link: https://www.wasgehtapp.de/termin_details.php?id=38225410&date=2024-12-02"
BACHATA LOVERS // Party mit Walid,2024-12-02,19:00,,"Blauer Engel, Kiel","disco
Location Link: https://www.blauerengel-kiel.de/
Event Details Link: https://www.wasgehtapp.de/termin_details.php?id=36272833&date=2024-12-02"
"ABDELKARIM - ""Plan Z - jetzt will er´s wissen""",2024-12-02,20:00,,"Güterbahnhof, Kiel","comedy
tags kabarett, comedy
Location Link: http://www.budenzauber-catering.de/
Event Details Link: https://www.wasgehtapp.de/termin_details.php?id=37067389&date=2024-12-02"
MEIN LEBEN – (D)EIN TRAUM,2024-12-02,20:00,,"Schauspielhaus (Reihe 17), Kiel","theater
Location Link: https://www.theater-kiel.de/
Event Details Link: https://www.wasgehtapp.de/termin_details.php?id=38145862&date=2024-12-02"
Kiel festhalten. Stadtansichten von Gretel Riemann,2024-12-02,11:30,,"Stadtmuseum Warleberger Hof, Kiel","vortrag
tags (teilw.) eintritt frei
Location Link: https://www.kiel.de/de/kultur_freizeit/museum/stadtmuseum_warleberger_hof.php
Event Details Link: https://www.wasgehtapp.de/termin_details.php?id=37953893&date=2024-12-02"
Pub Quiz,2024-12-02,20:00,,"Pogue Mahone, Kiel","sonstige
Location Link: https://poguemahone.de/
Event Details Link: https://www.wasgehtapp.de/termin_details.php?id=244&date=2024-12-02"
Kieler Weihnachtsmarkt,2024-12-02,,,"Innenstadt, Kiel","sonstige
Location Link: https://www.kiel.de/
Event Details Link: https://www.wasgehtapp.de/termin_details.php?id=38320808&date=2024-12-02"
Stadtwerke Eisfestival,2024-12-02,,,"Germania Hafen, Kiel","sonstige
Event Details Link: https://www.wasgehtapp.de/termin_details.php?id=35121734&date=2024-12-02"
HIER UND JETZT Gemeinsam für die Demokratie,2024-12-02,18:00,,"vhs-Kunstschule im Neuen Rathaus, Kiel","kunst
tags (teilw.) eintritt frei
Location Link: https://www.foerde-vhs.de/projekte/ausstellungen/hier-und-jetzt
Event Details Link: https://www.wasgehtapp.de/termin_details.php?id=38319675&date=2024-12-02"
