,Title,Location,Categories,Date,Time
0,Bauern- und Regionalmarkt mit verkaufsoffenen Sonntag im CITTI-Park,CITTI-PARK,"['Gastronomie', 'Kinderprogramm', 'Kultur', 'Märkte', 'Regionale Spezialitäten', 'Shopping', 'Sport/Freizeit']",05.10.2024,09:00 - 20:00 Uhr
1,Herbstmarkt in Molfsee,Freilichtmuseum Molfsee,"['Gastronomie', 'Kinderprogramm', 'Kultur', 'Märkte', 'Regionale Spezialitäten']",05.10.2024,09:00 - 18:00 Uhr
2,Kaufrausch. Konsum und Warenwelten der 1980er Jahre,Stadtmuseum Warleberger Hof,"['Ausstellung', 'Kultur', 'Kultursommer']",05.10.2024,10:00 - 18:00 Uhr
3,Der Gewölbekeller. Kostbarkeiten aus dem Alten Kiel,Stadtmuseum Warleberger Hof,"['Ausstellung', 'Kultur', 'Kultursommer']",05.10.2024,10:00 - 18:00 Uhr
4,Bücherflohmarkt inkl. verkaufsoffenem Sonntag,Sophienhof,"['Flohmarkt', 'Shopping', 'Kultur', 'Märkte']",05.10.2024,10:00 - 18:00 Uhr
5,"Kiel, Du bist gefragt!",Stadtmuseum Warleberger Hof,"['Ausstellung', 'Kultursommer', 'Kultur']",05.10.2024,10:00 - 18:00 Uhr
6,Herbstliches Kochevent auf dem Wochenmarkt,Wochenmarkt Exerzierplatz,"['Märkte', 'Kultur', 'Gastronomie']",05.10.2024,10:00 - 13:00 Uhr
7,"Marine, Werften, Segelsport – die Geschichte der Hafenstadt Kiel",Schifffahrtsmuseum,"['Ausstellung', 'Kultursommer', 'Kultur', 'Kieler-Woche']",05.10.2024,10:00 - 18:00 Uhr
8,Buntes Herbstfest im Tierpark,Tierpark Neumünster,"['Führung/Besichtigung', 'Kinderprogramm', 'Sport/Freizeit', 'Kultur']",05.10.2024,10:00 - 17:00 Uhr
9,Bauern- und Regionalmarkt mit verkaufsoffenem Sonntag,Holstenplatz,"['Kinderprogramm', 'Regionale Spezialitäten', 'Sport/Freizeit', 'Shopping', 'Kultur', 'Märkte']",05.10.2024,11:00 - 18:00 Uhr
10,Hafenrundfahrt Kiel,Anleger Bahnhofsbrücke,"['Führung/Besichtigung', 'Kultur', 'Kultursommer']",05.10.2024,11:00 Uhr
11,Im Quasarenpalast,Projektraum 13,"['Ausstellung', 'Kultur', 'Sport/Freizeit']",05.10.2024,11:00 - 18:00 Uhr
12,Kiel (re)connecting.earth. Beyond Water,Stadtgalerie Kiel,"['Ausstellung', 'Kultur']",05.10.2024,11:00 - 17:00 Uhr
13,Begegnung mit Fadumo Korn exklusiv für somalische Frauen mit Brunch – Somali Kulturwochen,ZEIK,['Kultur'],05.10.2024,11:00 - 13:00 Uhr
14,Rathausturmfahrten,Rathaus Kiel,"['Führung/Besichtigung', 'Kultur', 'Kultursommer']",05.10.2024,11:00 - 11:30 Uhr
15,Weinbergwanderung und Weinverkostung,Hofcafé Gut Deutsch-Nienhof,"['Kultur', 'Regionale Spezialitäten', 'Führung/Besichtigung', 'Gastronomie', 'Kultursommer']",05.10.2024,11:00 Uhr
16,Prima Kunst: Johanna Blank – The Cabin,Stadtgalerie Kiel,['Ausstellung'],05.10.2024,11:00 - 17:00 Uhr
17,Aktionswoche mit cara*SH,Pop-up Pavillon,"['Ausstellung', 'Kultur']",05.10.2024,11:00 - 18:00 Uhr
18,Bauernmarkt 2024,Welcome Center Kieler Förde,"['Gastronomie', 'Kinderprogramm', 'Regionale Spezialitäten']",05.10.2024,11:00 - 18:00 Uhr
19,Kunstraum Sconeberg mit ganzjährigem Ausstellungsangebot,Kunstraum Sconeberg,"['Ausstellung', 'Kultur']",05.10.2024,11:00 - 18:00 Uhr
20,Rathausturmfahrten,Rathaus Kiel,"['Führung/Besichtigung', 'Kultur', 'Kultursommer']",05.10.2024,11:45 - 12:15 Uhr
21,Rathausturmfahrten,Rathaus Kiel,"['Führung/Besichtigung', 'Kultur', 'Kultursommer']",05.10.2024,12:30 - 13:00 Uhr
22,Hafenrundfahrt Kiel,Anleger Bahnhofsbrücke,"['Führung/Besichtigung', 'Kultur', 'Kultursommer']",05.10.2024,13:00 Uhr
23,Lars – der kleine Eisbär,Mediendom,"['Kinderprogramm', 'Kultur', 'Kultursommer']",05.10.2024,14:00 - 15:00 Uhr
24,Land der Legenden - Die Norddeutschen Realisten in der Bretagne,Künstlermuseum Heikendorf,"['Ausstellung', 'Kultur']",05.10.2024,14:00 - 17:00 Uhr
25,Jahrmarkt auf dem Wilhelmplatz,Wilhelmplatz Kiel,"['Gastronomie', 'Kinderprogramm', 'Kultur', 'Märkte', 'Regionale Spezialitäten', 'Sport/Freizeit']",05.10.2024,14:00 - 23:00 Uhr
26,Alles andere als grau,Förderverein Freya-Frahm-Haus,['Ausstellung'],05.10.2024,14:00 - 18:00 Uhr
27,Senior*innenkino in der Pumpe,Die Pumpe,['Kultur'],05.10.2024,14:00 Uhr
28,Auf Wasserwegen | Skulpturen und Zeichnungen von Michael Jastram,Galerie Brennwald,['Ausstellung'],05.10.2024,15:00 - 18:00 Uhr
29,Frederick - Mäusegeschichten,Werftparktheater Kiel,"['Theater', 'Kinderprogramm']",05.10.2024,15:00 - 16:15 Uhr
30,Führung durch unsere Sonderausstellung Land der Legenden. Die Norddeutschen Realisten in der Bretagne,Künstlermuseum Heikendorf,"['Ausstellung', 'Führung/Besichtigung']",05.10.2024,15:00 - 16:00 Uhr
31,Hafenrundfahrt Kiel,Anleger Bahnhofsbrücke,"['Führung/Besichtigung', 'Kultur', 'Kultursommer']",05.10.2024,15:00 Uhr
32,Kaluoka'hina - das Zauberriff,Mediendom,"['Kinderprogramm', 'Kultur', 'Kultursommer']",05.10.2024,15:30 - 16:30 Uhr
33,"„Ask a Sexworker!""",Pop-up Pavillon,"['Ausstellung', 'Kultur', 'Sport/Freizeit']",05.10.2024,16:00 Uhr
34,Ladies Night – Ganz oder gar nicht,Lore & Lay Theater-Frachter,"['Kultur', 'Theater']",05.10.2024,16:00 - 18:30 Uhr
35,SpacePark 360 – der ultimative Freizeit-Spaß,Mediendom,"['Kinderprogramm', 'Kultur', 'Kultursommer']",05.10.2024,17:00 - 18:00 Uhr
36,Der Rosenkavalier,Opernhaus,['Theater'],05.10.2024,18:00 - 22:00 Uhr
37,Ole Leev (Alte Liebe),Niederdeutsche Bühne,"['Theater', 'Kultur']",05.10.2024,18:00 - 20:00 Uhr
38,Planeten - Expeditionen ins Sonnensystem,Mediendom,"['Kultur', 'Kultursommer', 'Kinderprogramm']",05.10.2024,18:30 - 19:30 Uhr
39,Doc Koehler’s Sultans Of Swing: We Remember Bert Kaempfert!,KulturForum in der Stadtgalerie,['Konzert'],05.10.2024,19:00 - 21:00 Uhr
40,Ladies Night – Ganz oder gar nicht,Lore & Lay Theater-Frachter,"['Kultur', 'Theater']",05.10.2024,19:30 - 22:00 Uhr
41,"„Ich der Tod – Du das Leben“: 30 Jahre Enttäuschungen, Frustrationen und andere Nebensächlichkeiten",Kultur- und Kommunikationszentrum Hansa48 e.V.,"['Konzert', 'Kultur']",05.10.2024,20:00 - 22:00 Uhr
42,Werkstatt-Theater-Kiel: Eingeschlossene Gesellschaft,Bürgerhaus Kronshagen,"['Theater', 'Kultur']",05.10.2024,20:00 - 22:00 Uhr
43,Glaube Liebe Hoffnung,Schauspielhaus Kiel,['Theater'],05.10.2024,20:00 - 22:30 Uhr
44,Glaube Liebe Hoffnung,Theater Kiel AöR,['Theater'],05.10.2024,20:00 - 22:30 Uhr
45,Elvis lebt!,Theater Die Komödianten,"['Kultur', 'Theater']",05.10.2024,20:00 - 21:30 Uhr
46,Livemusik,Pogue Mahone Irish Pub,"['Konzert', 'Nachtleben', 'Kultursommer']",05.10.2024,22:00 - 02:00 Uhr
47,Herbstmarkt in Molfsee,Freilichtmuseum Molfsee,"['Gastronomie', 'Kinderprogramm', 'Kultur', 'Märkte', 'Regionale Spezialitäten']",06.10.2024,09:00 - 18:00 Uhr
48,Bauern- und Regionalmarkt mit verkaufsoffenen Sonntag im CITTI-Park,CITTI-PARK,"['Gastronomie', 'Kinderprogramm', 'Kultur', 'Märkte', 'Regionale Spezialitäten', 'Shopping', 'Sport/Freizeit']",06.10.2024,09:00 - 20:00 Uhr
49,Der Gewölbekeller. Kostbarkeiten aus dem Alten Kiel,Stadtmuseum Warleberger Hof,"['Ausstellung', 'Kultur', 'Kultursommer']",06.10.2024,10:00 - 18:00 Uhr
50,Herbstmarkt in Molfsee,Freilichtmuseum Molfsee,"['Gastronomie', 'Kinderprogramm', 'Kultur', 'Märkte', 'Regionale Spezialitäten']",06.10.2024,09:00 - 18:00 Uhr
51,Bauern- und Regionalmarkt mit verkaufsoffenen Sonntag im CITTI-Park,CITTI-PARK,"['Gastronomie', 'Kinderprogramm', 'Kultur', 'Märkte', 'Regionale Spezialitäten', 'Shopping', 'Sport/Freizeit']",06.10.2024,09:00 - 20:00 Uhr
52,Der Gewölbekeller. Kostbarkeiten aus dem Alten Kiel,Stadtmuseum Warleberger Hof,"['Ausstellung', 'Kultur', 'Kultursommer']",06.10.2024,10:00 - 18:00 Uhr
53,Buntes Herbstfest im Tierpark,Tierpark Neumünster,"['Führung/Besichtigung', 'Kinderprogramm', 'Sport/Freizeit', 'Kultur']",06.10.2024,10:00 - 17:00 Uhr
54,Große Nord-Ostsee-Kanalfahrt,Bahnhofskai,"['Kultur', 'Führung/Besichtigung', 'Kultursommer']",06.10.2024,10:00 - 17:30 Uhr
55,Bücherflohmarkt inkl. verkaufsoffenem Sonntag,Sophienhof,"['Flohmarkt', 'Shopping', 'Kultur', 'Märkte']",06.10.2024,10:00 - 18:00 Uhr
56,"Marine, Werften, Segelsport – die Geschichte der Hafenstadt Kiel",Schifffahrtsmuseum,"['Ausstellung', 'Kultursommer', 'Kultur', 'Kieler-Woche']",06.10.2024,10:00 - 18:00 Uhr
57,"Kiel, Du bist gefragt!",Stadtmuseum Warleberger Hof,"['Ausstellung', 'Kultursommer', 'Kultur']",06.10.2024,10:00 - 18:00 Uhr
58,Die Howaldtswerke – Neubeginn nach 1945,Industriemuseum Howaldtsche Metallgießerei,"['Ausstellung', 'Kultursommer']",06.10.2024,10:00 - 18:00 Uhr
59,Kaufrausch. Konsum und Warenwelten der 1980er Jahre,Stadtmuseum Warleberger Hof,"['Ausstellung', 'Kultur', 'Kultursommer']",06.10.2024,10:00 - 18:00 Uhr
60,Prima Kunst: Johanna Blank – The Cabin,Stadtgalerie Kiel,['Ausstellung'],06.10.2024,11:00 - 17:00 Uhr
61,Kunstraum Sconeberg mit ganzjährigem Ausstellungsangebot,Kunstraum Sconeberg,"['Ausstellung', 'Kultur']",06.10.2024,11:00 - 18:00 Uhr
62,Bauernmarkt 2024,Welcome Center Kieler Förde,"['Gastronomie', 'Kinderprogramm', 'Regionale Spezialitäten']",06.10.2024,11:00 - 18:00 Uhr
63,Bauern- und Regionalmarkt mit verkaufsoffenem Sonntag,Holstenplatz,"['Kinderprogramm', 'Regionale Spezialitäten', 'Sport/Freizeit', 'Shopping', 'Kultur', 'Märkte']",06.10.2024,11:00 - 18:00 Uhr
64,Kiel (re)connecting.earth. Beyond Water,Stadtgalerie Kiel,"['Ausstellung', 'Kultur']",06.10.2024,11:00 - 17:00 Uhr
65,Hafenrundfahrt Kiel,Anleger Bahnhofsbrücke,"['Führung/Besichtigung', 'Kultur', 'Kultursommer']",06.10.2024,11:00 Uhr
66,Kiel einst und jetzt,Maritimes Viertel - Kultur am Kanal e.V.,"['Ausstellung', 'Kultur']",06.10.2024,11:00 - 17:00 Uhr
67,Kanalausstellung im Maritimen Viertel – Kultur am Kanal e. V.,Schleusenausstellung Holtenau,"['Führung/Besichtigung', 'Kultur', 'Kultursommer']",06.10.2024,11:00 - 17:00 Uhr
68,Weinbergwanderung und Weinverkostung,Hofcafé Gut Deutsch-Nienhof,"['Kultur', 'Regionale Spezialitäten', 'Führung/Besichtigung', 'Gastronomie', 'Kultursommer']",06.10.2024,11:00 Uhr
69,Rundgang - Viertelführung Brunswik / Ravensberg,Marktcafé - Blücherplatz,"['Führung/Besichtigung', 'Kultur']",06.10.2024,11:00 - 12:30 Uhr
70,Im Quasarenpalast,Projektraum 13,"['Ausstellung', 'Kultur', 'Sport/Freizeit']",06.10.2024,11:00 - 18:00 Uhr
71,Land der Legenden - Die Norddeutschen Realisten in der Bretagne,Künstlermuseum Heikendorf,"['Ausstellung', 'Kultur']",06.10.2024,11:00 - 17:00 Uhr
72,Einfach zum Dahinschmelzen: Guss-Workshop,Industriemuseum Howaldtsche Metallgießerei,"['Führung/Besichtigung', 'Kultur', 'Kinderprogramm']",06.10.2024,11:15 - 12:45 Uhr
73,Sonntagsführung durch den Flandernbunker,Flandernbunker,"['Führung/Besichtigung', 'Kultur', 'Kultursommer']",06.10.2024,11:30 - 13:00 Uhr
74,"Sonntagsführung zur Ausstellung ""Kaufrausch, Konsum und Warenwelten der 1980er Jahre""",Stadtmuseum Warleberger Hof,"['Führung/Besichtigung', 'Kultursommer']",06.10.2024,11:30 - 12:30 Uhr
75,Mitspieltheater in der TraumGmbH,Traum GmbH,"['Kinderprogramm', 'Kultur', 'Kultursommer', 'Theater']",06.10.2024,12:00 - 13:00 Uhr
76,Hafenrundfahrt Kiel,Anleger Bahnhofsbrücke,"['Führung/Besichtigung', 'Kultur', 'Kultursommer']",06.10.2024,13:00 Uhr
77,Alles andere als grau,Förderverein Freya-Frahm-Haus,['Ausstellung'],06.10.2024,14:00 - 18:00 Uhr
78,Jahrmarkt auf dem Wilhelmplatz,Wilhelmplatz Kiel,"['Gastronomie', 'Kinderprogramm', 'Kultur', 'Märkte', 'Regionale Spezialitäten', 'Sport/Freizeit']",06.10.2024,14:00 - 22:00 Uhr
79,BREAKFASTER #5 - Welcome to the Candy Lane,Die Pumpe e.V.,"['Nachtleben', 'Kultur']",06.10.2024,14:00 - 00:00 Uhr
80,Sonntagsführung durch die Dauerausstellung,Schifffahrtsmuseum,"['Führung/Besichtigung', 'Kultur', 'Kultursommer']",06.10.2024,14:30 - 15:30 Uhr
81,Vom Happy Meal zum Ü-Ei!,Stadtmuseum Warleberger Hof,"['Führung/Besichtigung', 'Kinderprogramm', 'Kultursommer']",06.10.2024,14:30 - 15:30 Uhr
82,Musik der Sterne,Mediendom,"['Konzert', 'Kultur', 'Kultursommer']",06.10.2024,14:30 Uhr
83,Auf Wasserwegen | Skulpturen und Zeichnungen von Michael Jastram,Galerie Brennwald,['Ausstellung'],06.10.2024,15:00 - 18:00 Uhr
84,Hafenrundfahrt Kiel,Anleger Bahnhofsbrücke,"['Führung/Besichtigung', 'Kultur', 'Kultursommer']",06.10.2024,15:00 Uhr
85,"Chorkonzert ""Ein Land, weit hinter den Sternen""",St. Nikolaikirche,"['Konzert', 'Kultur', 'Kirche']",06.10.2024,17:00 - 18:30 Uhr
86,Rätsel des Lebens - Darwins große Reise,Mediendom,"['Kultur', 'Kultursommer']",06.10.2024,17:00 - 18:00 Uhr
87,Ole Leev (Alte Liebe),Niederdeutsche Bühne,"['Theater', 'Kultur']",06.10.2024,18:00 - 20:00 Uhr
88,Die drei ??? – und das Grab der Maya,Mediendom,"['Kinderprogramm', 'Kultur', 'Kultursommer']",06.10.2024,18:30 - 20:45 Uhr
89,Treets,KulturForum in der Stadtgalerie,"['Konzert', 'Kultur']",06.10.2024,19:00 - 21:00 Uhr
90,(re)connecting.earth - Kiel 2024,Innenstadt Kiel,"['Ausstellung', 'Kultur']",07.10.2024,ganztägig
91,J. F. Kennedy - Sein Leben in Bildern,Rathaus Kiel,"['Ausstellung', 'Kultur']",07.10.2024,08:00 - 18:00 Uhr
92,Toyota Aygo X Parcours Tour,CITTI-PARK,"['Sport/Freizeit', 'Kultur']",07.10.2024,10:00 - 20:00 Uhr
93,Kunstraum Sconeberg mit ganzjährigem Ausstellungsangebot,Kunstraum Sconeberg,"['Ausstellung', 'Kultur']",07.10.2024,11:00 - 18:00 Uhr
94,Hafenrundfahrt Kiel,Anleger Bahnhofsbrücke,"['Führung/Besichtigung', 'Kultur', 'Kultursommer']",07.10.2024,11:00 Uhr
95,Faszination Epoxidharz,Pop-up Pavillon,"['Ausstellung', 'Kultur']",07.10.2024,11:00 - 18:00 Uhr
96,Hafenrundfahrt Kiel,Anleger Bahnhofsbrücke,"['Führung/Besichtigung', 'Kultur', 'Kultursommer']",07.10.2024,13:00 Uhr
97,Alles andere als grau,Förderverein Freya-Frahm-Haus,['Ausstellung'],07.10.2024,14:00 - 18:00 Uhr
98,Hafenrundfahrt Kiel,Anleger Bahnhofsbrücke,"['Führung/Besichtigung', 'Kultur', 'Kultursommer']",07.10.2024,15:00 Uhr
99,(re)connecting.earth - Kiel 2024,Innenstadt Kiel,"['Ausstellung', 'Kultur']",08.10.2024,ganztägig
100,JAZZ-CAFÉ im STATT-CAFÉ,KulturForum in der Stadtgalerie,"['Konzert', 'Kultur']",07.10.2024,20:00 - 22:00 Uhr
101,Pub Quiz,Pogue Mahone Irish Pub Kiel,"['Kultur', 'Kultursommer']",07.10.2024,20:00 - 23:00 Uhr
102,(re)connecting.earth - Kiel 2024,Innenstadt Kiel,"['Ausstellung', 'Kultur']",08.10.2024,ganztägig
103,J. F. Kennedy - Sein Leben in Bildern,Rathaus Kiel,"['Ausstellung', 'Kultur']",08.10.2024,08:00 - 18:00 Uhr
104,Kiel (re)connecting.earth. Beyond Water,Stadtgalerie Kiel,"['Ausstellung', 'Kultur']",08.10.2024,10:00 - 17:00 Uhr
105,"Marine, Werften, Segelsport – die Geschichte der Hafenstadt Kiel",Schifffahrtsmuseum,"['Ausstellung', 'Kultursommer', 'Kultur', 'Kieler-Woche']",08.10.2024,10:00 - 18:00 Uhr
106,Kaufrausch. Konsum und Warenwelten der 1980er Jahre,Stadtmuseum Warleberger Hof,"['Ausstellung', 'Kultur', 'Kultursommer']",08.10.2024,10:00 - 18:00 Uhr
107,Prima Kunst: Johanna Blank – The Cabin,Stadtgalerie Kiel,['Ausstellung'],08.10.2024,10:00 - 17:00 Uhr
108,Die Howaldtswerke – Neubeginn nach 1945,Industriemuseum Howaldtsche Metallgießerei,"['Ausstellung', 'Kultursommer']",08.10.2024,10:00 - 18:00 Uhr
109,Der Gewölbekeller. Kostbarkeiten aus dem Alten Kiel,Stadtmuseum Warleberger Hof,"['Ausstellung', 'Kultur', 'Kultursommer']",08.10.2024,10:00 - 18:00 Uhr
110,Toyota Aygo X Parcours Tour,CITTI-PARK,"['Sport/Freizeit', 'Kultur']",08.10.2024,10:00 - 20:00 Uhr
111,"Kiel, Du bist gefragt!",Stadtmuseum Warleberger Hof,"['Ausstellung', 'Kultursommer', 'Kultur']",08.10.2024,10:00 - 18:00 Uhr
112,Faszination Epoxidharz,Pop-up Pavillon,"['Ausstellung', 'Kultur']",08.10.2024,11:00 - 18:00 Uhr
113,Hafenrundfahrt Kiel,Anleger Bahnhofsbrücke,"['Führung/Besichtigung', 'Kultur', 'Kultursommer']",08.10.2024,11:00 Uhr
114,Kunstraum Sconeberg mit ganzjährigem Ausstellungsangebot,Kunstraum Sconeberg,"['Ausstellung', 'Kultur']",08.10.2024,11:00 - 18:00 Uhr
115,Hafenrundfahrt Kiel,Anleger Bahnhofsbrücke,"['Führung/Besichtigung', 'Kultur', 'Kultursommer']",08.10.2024,13:00 Uhr
116,Alles andere als grau,Förderverein Freya-Frahm-Haus,['Ausstellung'],08.10.2024,14:00 - 18:00 Uhr
117,Guss und Genuss,Industriemuseum Howaldtsche Metallgießerei,"['Führung/Besichtigung', 'Kultur', 'Kultursommer']",08.10.2024,14:30 - 15:30 Uhr
118,Hafenrundfahrt Kiel,Anleger Bahnhofsbrücke,"['Führung/Besichtigung', 'Kultur', 'Kultursommer']",08.10.2024,15:00 Uhr
119,Bilderbuchkino: Bruno und die Nervkaninchen,Stadtteilbücherei Mettenhof,"['Kinderprogramm', 'Lesungen']",08.10.2024,16:00 - 16:30 Uhr
120,"Live: Jenobi (skandinavisch melancholischer Indiepoprock mit markanten Beats trifft auf eine tolle Stimme. Kreist um The Knife. Und Torpus and the Art Directors, da war sie nämlich dabei) + Support: tba",Kultur- und Kommunikationszentrum Hansa48 e.V.,"['Konzert', 'Kultur']",08.10.2024,20:00 - 22:00 Uhr
121,Karaoke,Pogue Mahone Irish Pub Kiel,"['Kultur', 'Nachtleben', 'Kultursommer']",08.10.2024,22:00 - 02:00 Uhr
122,(re)connecting.earth - Kiel 2024,Innenstadt Kiel,"['Ausstellung', 'Kultur']",09.10.2024,ganztägig
123,J. F. Kennedy - Sein Leben in Bildern,Rathaus Kiel,"['Ausstellung', 'Kultur']",09.10.2024,08:00 - 18:00 Uhr
124,Prima Kunst: Johanna Blank – The Cabin,Stadtgalerie Kiel,['Ausstellung'],09.10.2024,10:00 - 17:00 Uhr
125,Kiel (re)connecting.earth. Beyond Water,Stadtgalerie Kiel,"['Ausstellung', 'Kultur']",09.10.2024,10:00 - 17:00 Uhr
126,Toyota Aygo X Parcours Tour,CITTI-PARK,"['Sport/Freizeit', 'Kultur']",09.10.2024,10:00 - 20:00 Uhr
127,Best of Floristik,Sophienhof,"['Ausstellung', 'Shopping', 'Kultur']",09.10.2024,10:00 - 20:00 Uhr
128,"Marine, Werften, Segelsport – die Geschichte der Hafenstadt Kiel",Schifffahrtsmuseum,"['Ausstellung', 'Kultursommer', 'Kultur', 'Kieler-Woche']",09.10.2024,10:00 - 18:00 Uhr
129,Der Gewölbekeller. Kostbarkeiten aus dem Alten Kiel,Stadtmuseum Warleberger Hof,"['Ausstellung', 'Kultur', 'Kultursommer']",09.10.2024,10:00 - 18:00 Uhr
130,"Kiel, Du bist gefragt!",Stadtmuseum Warleberger Hof,"['Ausstellung', 'Kultursommer', 'Kultur']",09.10.2024,10:00 - 18:00 Uhr
131,Kaufrausch. Konsum und Warenwelten der 1980er Jahre,Stadtmuseum Warleberger Hof,"['Ausstellung', 'Kultur', 'Kultursommer']",09.10.2024,10:00 - 18:00 Uhr
132,Frederick - Mäusegeschichten,Werftparktheater Kiel,"['Theater', 'Kinderprogramm']",09.10.2024,10:30 - 11:45 Uhr
133,Kunstraum Sconeberg mit ganzjährigem Ausstellungsangebot,Kunstraum Sconeberg,"['Ausstellung', 'Kultur']",09.10.2024,11:00 - 18:00 Uhr
134,Faszination Epoxidharz,Pop-up Pavillon,"['Ausstellung', 'Kultur']",09.10.2024,11:00 - 18:00 Uhr
135,Hafenrundfahrt Kiel,Anleger Bahnhofsbrücke,"['Führung/Besichtigung', 'Kultur', 'Kultursommer']",09.10.2024,11:00 Uhr
136,Rathausturmfahrten,Rathaus Kiel,"['Führung/Besichtigung', 'Kultur', 'Kultursommer']",09.10.2024,12:30 - 13:00 Uhr
137,Hafenrundfahrt Kiel,Anleger Bahnhofsbrücke,"['Führung/Besichtigung', 'Kultur', 'Kultursommer']",09.10.2024,13:00 Uhr
138,Alles andere als grau,Förderverein Freya-Frahm-Haus,['Ausstellung'],09.10.2024,14:00 - 18:00 Uhr
139,Hafenrundfahrt Kiel,Anleger Bahnhofsbrücke,"['Führung/Besichtigung', 'Kultur', 'Kultursommer']",09.10.2024,15:00 Uhr
140,Kulturcafé,Kulturinitiative Elmschenhagen,"['Gastronomie', 'Kultur', 'Kultursommer', 'Sport/Freizeit']",09.10.2024,15:00 - 17:00 Uhr
141,Darwins Orchideen – Wunder der Evolution,Mediendom,"['Kultur', 'Kultursommer']",09.10.2024,17:00 - 18:00 Uhr
142,LICHTMOND – Days Of Eternity,Mediendom,"['Kultur', 'Kultursommer']",09.10.2024,18:30 - 19:30 Uhr
143,"Ein besonderer Leseabend mit Birte & Martin Stährmann - ""Zu Fuß durch Kiel - 12 Spaziergänge""",Buchhandlung Libelli,"['Kultur', 'Lesungen']",09.10.2024,19:00 - 20:30 Uhr
144,Laboe singt,Förderverein Freya-Frahm-Haus,['Konzert'],09.10.2024,19:30 - 21:00 Uhr
145,Laboe singt,Freya-Frahm-Haus,"['Konzert', 'Kultur']",09.10.2024,19:30 - 21:00 Uhr
146,(re)connecting.earth - Kiel 2024,Innenstadt Kiel,"['Ausstellung', 'Kultur']",10.10.2024,ganztägig
147,J. F. Kennedy - Sein Leben in Bildern,Rathaus Kiel,"['Ausstellung', 'Kultur']",10.10.2024,08:00 - 18:00 Uhr
148,Kiel (re)connecting.earth. Beyond Water,Stadtgalerie Kiel,"['Ausstellung', 'Kultur']",10.10.2024,10:00 - 19:00 Uhr
149,Toyota Aygo X Parcours Tour,CITTI-PARK,"['Sport/Freizeit', 'Kultur']",10.10.2024,10:00 - 20:00 Uhr
150,(re)connecting.earth - Kiel 2024,Innenstadt Kiel,"['Ausstellung', 'Kultur']",10.10.2024,ganztägig
151,J. F. Kennedy - Sein Leben in Bildern,Rathaus Kiel,"['Ausstellung', 'Kultur']",10.10.2024,08:00 - 18:00 Uhr
152,Kiel (re)connecting.earth. Beyond Water,Stadtgalerie Kiel,"['Ausstellung', 'Kultur']",10.10.2024,10:00 - 19:00 Uhr
153,Toyota Aygo X Parcours Tour,CITTI-PARK,"['Sport/Freizeit', 'Kultur']",10.10.2024,10:00 - 20:00 Uhr
154,Best of Floristik,Sophienhof,"['Ausstellung', 'Shopping', 'Kultur']",10.10.2024,10:00 - 20:00 Uhr
155,"Marine, Werften, Segelsport – die Geschichte der Hafenstadt Kiel",Schifffahrtsmuseum,"['Ausstellung', 'Kultursommer', 'Kultur', 'Kieler-Woche']",10.10.2024,10:00 - 18:00 Uhr
156,Der Gewölbekeller. Kostbarkeiten aus dem Alten Kiel,Stadtmuseum Warleberger Hof,"['Ausstellung', 'Kultur', 'Kultursommer']",10.10.2024,10:00 - 18:00 Uhr
157,Kaufrausch. Konsum und Warenwelten der 1980er Jahre,Stadtmuseum Warleberger Hof,"['Ausstellung', 'Kultur', 'Kultursommer']",10.10.2024,10:00 - 18:00 Uhr
158,Prima Kunst: Johanna Blank – The Cabin,Stadtgalerie Kiel,['Ausstellung'],10.10.2024,10:00 - 19:00 Uhr
159,"Kiel, Du bist gefragt!",Stadtmuseum Warleberger Hof,"['Ausstellung', 'Kultursommer', 'Kultur']",10.10.2024,10:00 - 18:00 Uhr
160,Faszination Epoxidharz,Pop-up Pavillon,"['Ausstellung', 'Kultur']",10.10.2024,11:00 - 18:00 Uhr
161,Kunstraum Sconeberg mit ganzjährigem Ausstellungsangebot,Kunstraum Sconeberg,"['Ausstellung', 'Kultur']",10.10.2024,11:00 - 18:00 Uhr
162,Hafenrundfahrt Kiel,Anleger Bahnhofsbrücke,"['Führung/Besichtigung', 'Kultur', 'Kultursommer']",10.10.2024,11:00 Uhr
163,Brunchfahrt auf dem Nord-Ostsee-Kanal,Bahnhofskai,"['Führung/Besichtigung', 'Kultur', 'Gastronomie', 'Kultursommer']",10.10.2024,11:00 - 15:15 Uhr
164,Hafenrundfahrt Kiel,Anleger Bahnhofsbrücke,"['Führung/Besichtigung', 'Kultur', 'Kultursommer']",10.10.2024,13:00 Uhr
165,Sozialpolitisches Hearing 2024: Gewinn durch EX-IN - eine gemeindenahe Psychiatrie braucht qualifizierte Erfahrene,Rathaus Kiel - Ratssaal,['Kongress'],10.10.2024,13:00 - 18:00 Uhr
166,Alles andere als grau,Förderverein Freya-Frahm-Haus,['Ausstellung'],10.10.2024,14:00 - 18:00 Uhr
167,Land der Legenden - Die Norddeutschen Realisten in der Bretagne,Künstlermuseum Heikendorf,"['Ausstellung', 'Kultur']",10.10.2024,14:00 - 17:00 Uhr
168,Hafenrundfahrt Kiel,Anleger Bahnhofsbrücke,"['Führung/Besichtigung', 'Kultur', 'Kultursommer']",10.10.2024,15:00 Uhr
169,Spiel mit mir! Straßenpiano in der Holtenauer Straße,Holtenauer Straße,"['Konzert', 'Kultur']",10.10.2024,15:00 - 18:00 Uhr
170,Bilderbuchkino: Egon Schwein spielt ganz allein,Stadtteilbücherei Gaarden,"['Kinderprogramm', 'Lesungen']",10.10.2024,15:30 - 16:30 Uhr
171,Vorlesen für Kinder,Stadtteilbücherei Suchsdorf,"['Kinderprogramm', 'Lesungen']",10.10.2024,15:30 - 16:30 Uhr
172,Vorlesestunde,Stadtteilbücherei Mettenhof,"['Kinderprogramm', 'Lesungen']",10.10.2024,15:30 - 16:00 Uhr
173,Öffentliche Führung durch Beyond Water,Stadtgalerie Kiel,"['Führung/Besichtigung', 'Kultur']",10.10.2024,17:00 - 18:00 Uhr
174,"Wackelpudding, Toast Hawaii und Nudelsalat",Stadtmuseum Warleberger Hof,"['Führung/Besichtigung', 'Kultursommer']",10.10.2024,17:00 - 20:00 Uhr
175,"Vortrag mit Diskussion: ""Das Stadtmuseum Warleberger Hof""",Schifffahrtsmuseum,['Führung/Besichtigung'],10.10.2024,18:00 - 19:30 Uhr
176,Ole Leev (Alte Liebe),Niederdeutsche Bühne,"['Theater', 'Kultur']",10.10.2024,19:00 - 21:00 Uhr
177,Film und Diskussion: Im Rückspiegel,Kino in der Pumpe,['Kultur'],10.10.2024,19:00 - 21:30 Uhr
178,Lesung mit Jess Hansen,Buchhandlung Almut Schmidt,"['Lesungen', 'Kultur']",10.10.2024,19:00 - 20:30 Uhr
179,Der Original Kieler Poetry Slam!,KulturForum in der Stadtgalerie,"['Kultur', 'Lesungen']",10.10.2024,19:30 - 21:30 Uhr
180,OzeanZeit - Politik & Poesie Kabarett von Sunna Huygen,Kultur- und Kommunikationszentrum Hansa48 e.V.,"['Kultur', 'Lesungen']",10.10.2024,20:00 - 22:00 Uhr
181,Amjad - Radikal witzig,Die Pumpe,"['Kultur', 'Lesungen']",10.10.2024,20:00 - 22:30 Uhr
182,Livemusik,Pogue Mahone Irish Pub,"['Konzert', 'Nachtleben', 'Kultursommer']",10.10.2024,22:00 - 02:00 Uhr
183,(re)connecting.earth - Kiel 2024,Innenstadt Kiel,"['Ausstellung', 'Kultur']",11.10.2024,ganztägig
184,J. F. Kennedy - Sein Leben in Bildern,Rathaus Kiel,"['Ausstellung', 'Kultur']",11.10.2024,08:00 - 18:00 Uhr
185,"Kiel, Du bist gefragt!",Stadtmuseum Warleberger Hof,"['Ausstellung', 'Kultursommer', 'Kultur']",11.10.2024,10:00 - 18:00 Uhr
186,Kaufrausch. Konsum und Warenwelten der 1980er Jahre,Stadtmuseum Warleberger Hof,"['Ausstellung', 'Kultur', 'Kultursommer']",11.10.2024,10:00 - 18:00 Uhr
187,Kiel (re)connecting.earth. Beyond Water,Stadtgalerie Kiel,"['Ausstellung', 'Kultur']",11.10.2024,10:00 - 17:00 Uhr
188,Best of Floristik,Sophienhof,"['Ausstellung', 'Shopping', 'Kultur']",11.10.2024,10:00 - 20:00 Uhr
189,Toyota Aygo X Parcours Tour,CITTI-PARK,"['Sport/Freizeit', 'Kultur']",11.10.2024,10:00 - 20:00 Uhr
190,"Marine, Werften, Segelsport – die Geschichte der Hafenstadt Kiel",Schifffahrtsmuseum,"['Ausstellung', 'Kultursommer', 'Kultur', 'Kieler-Woche']",11.10.2024,10:00 - 18:00 Uhr
191,Prima Kunst: Johanna Blank – The Cabin,Stadtgalerie Kiel,['Ausstellung'],11.10.2024,10:00 - 17:00 Uhr
192,Der Gewölbekeller. Kostbarkeiten aus dem Alten Kiel,Stadtmuseum Warleberger Hof,"['Ausstellung', 'Kultur', 'Kultursommer']",11.10.2024,10:00 - 18:00 Uhr
193,Faszination Epoxidharz,Pop-up Pavillon,"['Ausstellung', 'Kultur']",11.10.2024,11:00 - 18:00 Uhr
194,Kunstraum Sconeberg mit ganzjährigem Ausstellungsangebot,Kunstraum Sconeberg,"['Ausstellung', 'Kultur']",11.10.2024,11:00 - 18:00 Uhr
195,Hafenrundfahrt Kiel,Anleger Bahnhofsbrücke,"['Führung/Besichtigung', 'Kultur', 'Kultursommer']",11.10.2024,11:00 Uhr
196,Hafenrundfahrt Kiel,Anleger Bahnhofsbrücke,"['Führung/Besichtigung', 'Kultur', 'Kultursommer']",11.10.2024,13:00 Uhr
197,Land der Legenden - Die Norddeutschen Realisten in der Bretagne,Künstlermuseum Heikendorf,"['Ausstellung', 'Kultur']",11.10.2024,14:00 - 17:00 Uhr
198,Alles andere als grau,Förderverein Freya-Frahm-Haus,['Ausstellung'],11.10.2024,14:00 - 18:00 Uhr
199,Auf Wasserwegen | Skulpturen und Zeichnungen von Michael Jastram,Galerie Brennwald,['Ausstellung'],11.10.2024,15:00 - 18:00 Uhr
200,Alles andere als grau,Förderverein Freya-Frahm-Haus,['Ausstellung'],11.10.2024,14:00 - 18:00 Uhr
201,Auf Wasserwegen | Skulpturen und Zeichnungen von Michael Jastram,Galerie Brennwald,['Ausstellung'],11.10.2024,15:00 - 18:00 Uhr
202,Hafenrundfahrt Kiel,Anleger Bahnhofsbrücke,"['Führung/Besichtigung', 'Kultur', 'Kultursommer']",11.10.2024,15:00 Uhr
203,Holtenau - Perle des Nord-Ostsee-Kanals,Treffpunkt: Anleger Kanalfähre Holtenau,"['Führung/Besichtigung', 'Kultur', 'Sport/Freizeit']",11.10.2024,16:30 - 18:00 Uhr
204,"Vernissage der Kunstausstellung „Starke Mädchen, starke Zukunft“ am 11. Oktober 2024 in der Stadtbücherei Kiel",Zentralbücherei im Neuen Rathaus,"['Ausstellung', 'Kultur']",11.10.2024,17:00 - 21:00 Uhr
205,SpacePark 360: Infinity,Mediendom,"['Kultur', 'Kultursommer', 'Kinderprogramm']",11.10.2024,17:00 - 18:00 Uhr
206,Autorinnenlesung mit Lena Johannson,Stadtteilbücherei Suchsdorf,"['Kultur', 'Lesungen']",11.10.2024,18:00 - 20:00 Uhr
207,Jam Session,ALTE MU Impuls – Werk e.V.,"['Konzert', 'Kultur', 'Kultursommer']",11.10.2024,18:00 Uhr
208,Ziel: Zukunft – Vom Jetzt bis zur Ewigkeit,Mediendom,"['Kultur', 'Kultursommer']",11.10.2024,18:30 - 19:30 Uhr
209,Ole Leev (Alte Liebe),Niederdeutsche Bühne,"['Theater', 'Kultur']",11.10.2024,19:00 - 21:00 Uhr
210,Plattdeutsche Lesung,Kultur-Diele Elmschenhagen,"['Lesungen', 'Kultur']",11.10.2024,19:00 - 22:00 Uhr
211,"Filmabend: ""Lindenau oder Man hat ja hier seine Schweißtropfen gelassen""",Kulturladen Leuchtturm,['Kultur'],11.10.2024,19:00 - 22:00 Uhr
212,Ladies Night – Ganz oder gar nicht,Lore & Lay Theater-Frachter,"['Kultur', 'Theater']",11.10.2024,19:30 - 22:00 Uhr
213,Ein Fall für die drei Herren: Die toten Frauen von Westminster (Premiere),KulturForum in der Stadtgalerie,"['Kultur', 'Lesungen', 'Theater']",11.10.2024,20:00 - 22:00 Uhr
214,Hinnerk Köhn - Infinity,Die Pumpe e.V.,"['Kultur', 'Lesungen']",11.10.2024,20:00 - 22:30 Uhr
215,Szenenexpress & Spotlight Milieu,Kultur- und Kommunikationszentrum Hansa48 e.V.,"['Theater', 'Kultur']",11.10.2024,20:00 - 22:30 Uhr
216,Die drei ??? – und die singende Schlange,Mediendom,"['Kinderprogramm', 'Kultur', 'Kultursommer']",11.10.2024,20:00 - 21:00 Uhr
217,Elvis lebt!,Theater Die Komödianten,"['Kultur', 'Theater']",11.10.2024,20:00 - 21:30 Uhr
218,Tina - The Ultimate Tribute to the Queen of Rock 'n' Roll,Wunderino Arena,"['Konzert', 'Kultur']",11.10.2024,20:00 - 22:00 Uhr
219,Der Besuch der alten Dame,Schauspielhaus Kiel,"['Kultur', 'Theater']",11.10.2024,20:00 - 22:30 Uhr
220,Kieler Swing und Tanz Kultur e.V. präsentiert: Friday Night Hop in der Kino-Bar,Studio Filmtheater,"['Kultur', 'Nachtleben', 'Kultursommer']",11.10.2024,21:00 Uhr
221,Livemusik,Pogue Mahone Irish Pub,"['Konzert', 'Nachtleben', 'Kultursommer']",11.10.2024,22:00 - 02:00 Uhr
222,(re)connecting.earth - Kiel 2024,Innenstadt Kiel,"['Ausstellung', 'Kultur']",12.10.2024,ganztägig
223,"Marine, Werften, Segelsport – die Geschichte der Hafenstadt Kiel",Schifffahrtsmuseum,"['Ausstellung', 'Kultursommer', 'Kultur', 'Kieler-Woche']",12.10.2024,10:00 - 18:00 Uhr
224,Best of Floristik,Sophienhof,"['Ausstellung', 'Shopping', 'Kultur']",12.10.2024,10:00 - 20:00 Uhr
225,Große Nord-Ostsee-Kanalfahrt,Bahnhofskai,"['Kultur', 'Führung/Besichtigung', 'Kultursommer']",12.10.2024,10:00 - 17:30 Uhr
226,Toyota Aygo X Parcours Tour,CITTI-PARK,"['Sport/Freizeit', 'Kultur']",12.10.2024,10:00 - 20:00 Uhr
227,Kaufrausch. Konsum und Warenwelten der 1980er Jahre,Stadtmuseum Warleberger Hof,"['Ausstellung', 'Kultur', 'Kultursommer']",12.10.2024,10:00 - 18:00 Uhr
228,Der Gewölbekeller. Kostbarkeiten aus dem Alten Kiel,Stadtmuseum Warleberger Hof,"['Ausstellung', 'Kultur', 'Kultursommer']",12.10.2024,10:00 - 18:00 Uhr
229,"Kiel, Du bist gefragt!",Stadtmuseum Warleberger Hof,"['Ausstellung', 'Kultursommer', 'Kultur']",12.10.2024,10:00 - 18:00 Uhr
230,Kleine Krabbler,Zentralbücherei im Neuen Rathaus,"['Kinderprogramm', 'Lesungen']",12.10.2024,10:30 - 11:15 Uhr
231,Prima Kunst: Johanna Blank – The Cabin,Stadtgalerie Kiel,['Ausstellung'],12.10.2024,11:00 - 17:00 Uhr
232,Kiel (re)connecting.earth. Beyond Water,Stadtgalerie Kiel,"['Ausstellung', 'Kultur']",12.10.2024,11:00 - 17:00 Uhr
233,Kunstraum Sconeberg mit ganzjährigem Ausstellungsangebot,Kunstraum Sconeberg,"['Ausstellung', 'Kultur']",12.10.2024,11:00 - 18:00 Uhr
234,Hafenrundfahrt Kiel,Anleger Bahnhofsbrücke,"['Führung/Besichtigung', 'Kultur', 'Kultursommer']",12.10.2024,11:00 Uhr
235,Rathausturmfahrten,Rathaus Kiel,"['Führung/Besichtigung', 'Kultur', 'Kultursommer']",12.10.2024,11:00 - 11:30 Uhr
236,Faszination Epoxidharz,Pop-up Pavillon,"['Ausstellung', 'Kultur']",12.10.2024,11:00 - 18:00 Uhr
237,Rathausturmfahrten,Rathaus Kiel,"['Führung/Besichtigung', 'Kultur', 'Kultursommer']",12.10.2024,11:45 - 12:15 Uhr
238,Rathausturmfahrten,Rathaus Kiel,"['Führung/Besichtigung', 'Kultur', 'Kultursommer']",12.10.2024,12:30 - 13:00 Uhr
239,Hafenrundfahrt Kiel,Anleger Bahnhofsbrücke,"['Führung/Besichtigung', 'Kultur', 'Kultursommer']",12.10.2024,13:00 Uhr
240,Alles andere als grau,Förderverein Freya-Frahm-Haus,['Ausstellung'],12.10.2024,14:00 - 18:00 Uhr
241,Armstrong,Mediendom,"['Kultursommer', 'Kinderprogramm']",12.10.2024,14:00 - 15:00 Uhr
242,Stadtspaziergang,Welcome Center Kieler Förde,"['Führung/Besichtigung', 'Kultur', 'Kultursommer']",12.10.2024,14:00 - 15:30 Uhr
243,Land der Legenden - Die Norddeutschen Realisten in der Bretagne,Künstlermuseum Heikendorf,"['Ausstellung', 'Kultur']",12.10.2024,14:00 - 17:00 Uhr
244,Senior*innentanznachmittag mit DJ Siggi,Die Pumpe e.V.,"['Kultur', 'Sport/Freizeit']",12.10.2024,14:30 - 18:00 Uhr
245,"Kunst, Kultur & Käsekuchen",Stadtmuseum Warleberger Hof,"['Führung/Besichtigung', 'Kultur']",12.10.2024,14:30 - 16:30 Uhr
246,Hafenrundfahrt Kiel,Anleger Bahnhofsbrücke,"['Führung/Besichtigung', 'Kultur', 'Kultursommer']",12.10.2024,15:00 Uhr
247,Auf Wasserwegen | Skulpturen und Zeichnungen von Michael Jastram,Galerie Brennwald,['Ausstellung'],12.10.2024,15:00 - 18:00 Uhr
248,Ladies Night – Ganz oder gar nicht,Lore & Lay Theater-Frachter,"['Kultur', 'Theater']",12.10.2024,16:00 - 18:30 Uhr
249,Frederick - Mäusegeschichten,Werftparktheater Kiel,"['Theater', 'Kinderprogramm']",12.10.2024,16:00 - 17:15 Uhr
250,Dinosaurier und das Abenteuer des Fliegens,Mediendom,"['Kinderprogramm', 'Kultursommer', 'Kultur']",12.10.2024,15:30 - 16:30 Uhr
251,Ladies Night – Ganz oder gar nicht,Lore & Lay Theater-Frachter,"['Kultur', 'Theater']",12.10.2024,16:00 - 18:30 Uhr
252,Frederick - Mäusegeschichten,Werftparktheater Kiel,"['Theater', 'Kinderprogramm']",12.10.2024,16:00 - 17:15 Uhr
253,Der Sprung ins All – das Abenteuer der Raumfahrt,Mediendom,"['Kultur', 'Kultursommer']",12.10.2024,17:00 - 18:00 Uhr
254,Rathauskonzert Heikendorf,Offene Ganztagsschule Heikendorf,"['Konzert', 'Kultur']",12.10.2024,17:00 Uhr
255,Klavierabend,Bethlehem-Kirche,"['Konzert', 'Kultur']",12.10.2024,18:00 - 20:15 Uhr
256,Ole Leev (Alte Liebe),Niederdeutsche Bühne,"['Theater', 'Kultur']",12.10.2024,18:00 - 20:00 Uhr
257,Milliarden Sonnen – eine Reise durch die Galaxis,Mediendom,"['Kultursommer', 'Kultur']",12.10.2024,18:30 - 19:30 Uhr
258,Irish-Folk-Konzert mit Paddy Schmidt,Heikendörper Speeldeel,['Konzert'],12.10.2024,19:00 - 23:30 Uhr
259,Sing & strum - das Ukulelen-Mitmachkonzert,Ev.-Luth. Michaelis-Kirchengemeinde Kiel,"['Konzert', 'Kultur']",12.10.2024,19:00 - 21:30 Uhr
260,Ein Sommernachtstraum,Opernhaus,"['Kultur', 'Theater']",12.10.2024,19:00 - 21:00 Uhr
261,Beobachtungsabende auf der Sternwarte der Fachhochschule Kiel,Mediendom,"['Kinderprogramm', 'Kultur', 'Kultursommer', 'Führung/Besichtigung']",12.10.2024,19:30 - 20:30 Uhr
262,Der Besuch der alten Dame,Schauspielhaus Kiel,"['Kultur', 'Theater']",12.10.2024,20:00 - 22:30 Uhr
263,Elvis lebt!,Theater Die Komödianten,"['Kultur', 'Theater']",12.10.2024,20:00 - 21:30 Uhr
264,Max Raabe & Palast Orchester,Wunderino Arena,"['Konzert', 'Kultur']",12.10.2024,20:00 - 22:30 Uhr
265,Rock Tales,KulturForum in der Stadtgalerie,"['Konzert', 'Kultur', 'Lesungen']",12.10.2024,20:00 - 22:00 Uhr
266,Nacht der Clubs lädt die Hansa48 zu einem Comic Battle,Kultur- und Kommunikationszentrum Hansa48 e.V.,"['Konzert', 'Kultur', 'Nachtleben']",12.10.2024,20:00 - 22:30 Uhr
267,Die Nacht der Clubs,Welcome Center Kieler Förde,"['Kultur', 'Nachtleben']",12.10.2024,20:00 Uhr
268,Sensemann und Söhne,Lutterbeker,"['Theater', 'Kultur']",12.10.2024,20:00 - 22:30 Uhr
269,Livemusik,Pogue Mahone Irish Pub,"['Konzert', 'Nachtleben', 'Kultursommer']",12.10.2024,22:00 - 02:00 Uhr
270,Kultur-Rausch: Kieler-Kultur-Wochen,Welcome Center Kieler Förde,"['Kultur', 'Lesungen', 'Nachtleben', 'Konzert']",13.10.2024,ganztägig
271,(re)connecting.earth - Kiel 2024,Innenstadt Kiel,"['Ausstellung', 'Kultur']",13.10.2024,ganztägig
272,"Kiel, Du bist gefragt!",Stadtmuseum Warleberger Hof,"['Ausstellung', 'Kultursommer', 'Kultur']",13.10.2024,10:00 - 18:00 Uhr
273,"Marine, Werften, Segelsport – die Geschichte der Hafenstadt Kiel",Schifffahrtsmuseum,"['Ausstellung', 'Kultursommer', 'Kultur', 'Kieler-Woche']",13.10.2024,10:00 - 18:00 Uhr
274,Der Gewölbekeller. Kostbarkeiten aus dem Alten Kiel,Stadtmuseum Warleberger Hof,"['Ausstellung', 'Kultur', 'Kultursommer']",13.10.2024,10:00 - 18:00 Uhr
275,Die Howaldtswerke – Neubeginn nach 1945,Industriemuseum Howaldtsche Metallgießerei,"['Ausstellung', 'Kultursommer']",13.10.2024,10:00 - 18:00 Uhr
276,Kaufrausch. Konsum und Warenwelten der 1980er Jahre,Stadtmuseum Warleberger Hof,"['Ausstellung', 'Kultur', 'Kultursommer']",13.10.2024,10:00 - 18:00 Uhr
277,Hundetag im Tierpark,Tierpark Neumünster,"['Führung/Besichtigung', 'Sport/Freizeit', 'Kultur']",13.10.2024,10:00 - 17:00 Uhr
278,Mit dem Stadtförster durch das Vieburger Gehölz,Vieburger Gehölz,['Führung/Besichtigung'],13.10.2024,11:00 Uhr
279,Prima Kunst: Johanna Blank – The Cabin,Stadtgalerie Kiel,['Ausstellung'],13.10.2024,11:00 - 17:00 Uhr
280,Kiel (re)connecting.earth. Beyond Water,Stadtgalerie Kiel,"['Ausstellung', 'Kultur']",13.10.2024,11:00 - 17:00 Uhr
281,Hafenrundfahrt Kiel,Anleger Bahnhofsbrücke,"['Führung/Besichtigung', 'Kultur', 'Kultursommer']",13.10.2024,11:00 Uhr
282,Land der Legenden - Die Norddeutschen Realisten in der Bretagne,Künstlermuseum Heikendorf,"['Ausstellung', 'Kultur']",13.10.2024,11:00 - 17:00 Uhr
283,Kunstraum Sconeberg mit ganzjährigem Ausstellungsangebot,Kunstraum Sconeberg,"['Ausstellung', 'Kultur']",13.10.2024,11:00 - 18:00 Uhr
284,Industriebau mit Geschichte - Führung durch die Metallgießerei,Industriemuseum Howaldtsche Metallgießerei,"['Führung/Besichtigung', 'Kultur', 'Kultursommer']",13.10.2024,11:15 - 12:15 Uhr
285,Sonntagsführung durch den Flandernbunker,Flandernbunker,"['Führung/Besichtigung', 'Kultur', 'Kultursommer']",13.10.2024,11:30 - 13:00 Uhr
286,"Sonntagsführung zur Ausstellung ""Kaufrausch, Konsum und Warenwelten der 1980er Jahre""",Stadtmuseum Warleberger Hof,"['Führung/Besichtigung', 'Kultursommer']",13.10.2024,11:30 - 12:30 Uhr
287,Mitspieltheater in der TraumGmbH,Traum GmbH,"['Kinderprogramm', 'Kultur', 'Kultursommer', 'Theater']",13.10.2024,12:00 - 13:00 Uhr
288,Führung durch unsere Sonderausstellung Land der Legenden. Die Norddeutschen Realisten in der Bretagne,Künstlermuseum Heikendorf,"['Ausstellung', 'Führung/Besichtigung']",13.10.2024,12:00 - 13:00 Uhr
289,"22. Kieler Indoor Musikflohmarkt – Live: Miles King (Soul, Frankfurt)",Kultur- und Kommunikationszentrum Hansa48 e.V.,"['Flohmarkt', 'Kultur']",13.10.2024,12:00 - 18:00 Uhr
290,Hafenrundfahrt Kiel,Anleger Bahnhofsbrücke,"['Führung/Besichtigung', 'Kultur', 'Kultursommer']",13.10.2024,13:00 Uhr
291,Somalischer Kochkurs-vegetarisch,ALTE MU Impuls – Werk e.V.,['Kultur'],13.10.2024,13:00 - 17:00 Uhr
292,Zauber der Anderswelt - Musik für die Seele,Mediendom,"['Kultur', 'Kultursommer']",13.10.2024,14:00 - 15:00 Uhr
293,Alles andere als grau,Förderverein Freya-Frahm-Haus,['Ausstellung'],13.10.2024,14:00 - 18:00 Uhr
294,Sonntagsführung durch die Dauerausstellung,Schifffahrtsmuseum,"['Führung/Besichtigung', 'Kultur', 'Kultursommer']",13.10.2024,14:30 - 15:30 Uhr
295,Auf Wasserwegen | Skulpturen und Zeichnungen von Michael Jastram,Galerie Brennwald,['Ausstellung'],13.10.2024,15:00 - 18:00 Uhr
296,Hafenrundfahrt Kiel,Anleger Bahnhofsbrücke,"['Führung/Besichtigung', 'Kultur', 'Kultursommer']",13.10.2024,15:00 Uhr
297,Ladies Night – Ganz oder gar nicht,Lore & Lay Theater-Frachter,"['Kultur', 'Theater']",13.10.2024,15:00 - 17:30 Uhr
298,Der Rosenkavalier,Opernhaus,['Theater'],13.10.2024,17:00 - 21:00 Uhr
299,Elvis lebt!,Theater Die Komödianten,"['Kultur', 'Theater']",13.10.2024,18:00 - 19:30 Uhr
300,Die Howaldtswerke – Neubeginn nach 1945,Industriemuseum Howaldtsche Metallgießerei,"['Ausstellung', 'Kultursommer']",13.10.2024,10:00 - 18:00 Uhr
301,Kaufrausch. Konsum und Warenwelten der 1980er Jahre,Stadtmuseum Warleberger Hof,"['Ausstellung', 'Kultur', 'Kultursommer']",13.10.2024,10:00 - 18:00 Uhr
302,Hundetag im Tierpark,Tierpark Neumünster,"['Führung/Besichtigung', 'Sport/Freizeit', 'Kultur']",13.10.2024,10:00 - 17:00 Uhr
303,Mit dem Stadtförster durch das Vieburger Gehölz,Vieburger Gehölz,['Führung/Besichtigung'],13.10.2024,11:00 Uhr
304,Prima Kunst: Johanna Blank – The Cabin,Stadtgalerie Kiel,['Ausstellung'],13.10.2024,11:00 - 17:00 Uhr
305,Kiel (re)connecting.earth. Beyond Water,Stadtgalerie Kiel,"['Ausstellung', 'Kultur']",13.10.2024,11:00 - 17:00 Uhr
306,Hafenrundfahrt Kiel,Anleger Bahnhofsbrücke,"['Führung/Besichtigung', 'Kultur', 'Kultursommer']",13.10.2024,11:00 Uhr
307,Land der Legenden - Die Norddeutschen Realisten in der Bretagne,Künstlermuseum Heikendorf,"['Ausstellung', 'Kultur']",13.10.2024,11:00 - 17:00 Uhr
308,Kunstraum Sconeberg mit ganzjährigem Ausstellungsangebot,Kunstraum Sconeberg,"['Ausstellung', 'Kultur']",13.10.2024,11:00 - 18:00 Uhr
309,Industriebau mit Geschichte - Führung durch die Metallgießerei,Industriemuseum Howaldtsche Metallgießerei,"['Führung/Besichtigung', 'Kultur', 'Kultursommer']",13.10.2024,11:15 - 12:15 Uhr
310,Sonntagsführung durch den Flandernbunker,Flandernbunker,"['Führung/Besichtigung', 'Kultur', 'Kultursommer']",13.10.2024,11:30 - 13:00 Uhr
311,"Sonntagsführung zur Ausstellung ""Kaufrausch, Konsum und Warenwelten der 1980er Jahre""",Stadtmuseum Warleberger Hof,"['Führung/Besichtigung', 'Kultursommer']",13.10.2024,11:30 - 12:30 Uhr
312,Mitspieltheater in der TraumGmbH,Traum GmbH,"['Kinderprogramm', 'Kultur', 'Kultursommer', 'Theater']",13.10.2024,12:00 - 13:00 Uhr
313,Führung durch unsere Sonderausstellung Land der Legenden. Die Norddeutschen Realisten in der Bretagne,Künstlermuseum Heikendorf,"['Ausstellung', 'Führung/Besichtigung']",13.10.2024,12:00 - 13:00 Uhr
314,"22. Kieler Indoor Musikflohmarkt – Live: Miles King (Soul, Frankfurt)",Kultur- und Kommunikationszentrum Hansa48 e.V.,"['Flohmarkt', 'Kultur']",13.10.2024,12:00 - 18:00 Uhr
315,Hafenrundfahrt Kiel,Anleger Bahnhofsbrücke,"['Führung/Besichtigung', 'Kultur', 'Kultursommer']",13.10.2024,13:00 Uhr
316,Somalischer Kochkurs-vegetarisch,ALTE MU Impuls – Werk e.V.,['Kultur'],13.10.2024,13:00 - 17:00 Uhr
317,Zauber der Anderswelt - Musik für die Seele,Mediendom,"['Kultur', 'Kultursommer']",13.10.2024,14:00 - 15:00 Uhr
318,Alles andere als grau,Förderverein Freya-Frahm-Haus,['Ausstellung'],13.10.2024,14:00 - 18:00 Uhr
319,Sonntagsführung durch die Dauerausstellung,Schifffahrtsmuseum,"['Führung/Besichtigung', 'Kultur', 'Kultursommer']",13.10.2024,14:30 - 15:30 Uhr
320,Auf Wasserwegen | Skulpturen und Zeichnungen von Michael Jastram,Galerie Brennwald,['Ausstellung'],13.10.2024,15:00 - 18:00 Uhr
321,"""Schon mal mit einem Gedächtnistrainer eine Ausstellung erkundet?""",Stadtmuseum Warleberger Hof,"['Führung/Besichtigung', 'Kultur']",13.10.2024,15:00 - 16:00 Uhr
322,Hafenrundfahrt Kiel,Anleger Bahnhofsbrücke,"['Führung/Besichtigung', 'Kultur', 'Kultursommer']",13.10.2024,15:00 Uhr
323,Ladies Night – Ganz oder gar nicht,Lore & Lay Theater-Frachter,"['Kultur', 'Theater']",13.10.2024,15:00 - 17:30 Uhr
324,Die Legende des Zauberriffs,Mediendom,"['Kinderprogramm', 'Kultur', 'Kultursommer']",13.10.2024,15:30 - 16:30 Uhr
325,"""Schon mal mit einem Gedächtnistrainer eine Ausstellung erkundet?""",Stadtmuseum Warleberger Hof,"['Führung/Besichtigung', 'Kultur']",13.10.2024,16:30 - 17:30 Uhr
326,Unendliche Weiten,Mediendom,"['Kultur', 'Kultursommer']",13.10.2024,17:00 - 18:00 Uhr
327,Der Rosenkavalier,Opernhaus,['Theater'],13.10.2024,17:00 - 21:00 Uhr
328,SING MIT! Mitsing-Konzert mit dem inklusiven Chor BUNTE FARBEN & Band,KulturForum in der Stadtgalerie,"['Konzert', 'Kultur']",13.10.2024,17:00 - 19:00 Uhr
329,Elvis lebt!,Theater Die Komödianten,"['Kultur', 'Theater']",13.10.2024,18:00 - 19:30 Uhr
330,Ole Leev (Alte Liebe),Niederdeutsche Bühne,"['Theater', 'Kultur']",13.10.2024,18:00 - 20:00 Uhr
331,Queen Heaven – The Original,Mediendom,"['Kultur', 'Kultursommer']",13.10.2024,18:30 - 19:45 Uhr
332,Die Laborantin,Schauspielhaus Kiel,"['Kultur', 'Theater']",13.10.2024,19:30 - 21:50 Uhr
333,(re)connecting.earth - Kiel 2024,Innenstadt Kiel,"['Ausstellung', 'Kultur']",14.10.2024,ganztägig
334,Kultur-Rausch: Kieler-Kultur-Wochen,Welcome Center Kieler Förde,"['Kultur', 'Lesungen', 'Nachtleben', 'Konzert']",14.10.2024,ganztägig
335,Kunstraum Sconeberg mit ganzjährigem Ausstellungsangebot,Kunstraum Sconeberg,"['Ausstellung', 'Kultur']",14.10.2024,11:00 - 18:00 Uhr
336,Hafenrundfahrt Kiel,Anleger Bahnhofsbrücke,"['Führung/Besichtigung', 'Kultur', 'Kultursommer']",14.10.2024,11:00 Uhr
337,Faszination Epoxidharz,Pop-up Pavillon,"['Ausstellung', 'Kultur']",14.10.2024,11:00 - 18:00 Uhr
338,Hafenrundfahrt Kiel,Anleger Bahnhofsbrücke,"['Führung/Besichtigung', 'Kultur', 'Kultursommer']",14.10.2024,13:00 Uhr
339,Alles andere als grau,Förderverein Freya-Frahm-Haus,['Ausstellung'],14.10.2024,14:00 - 18:00 Uhr
340,Hafenrundfahrt Kiel,Anleger Bahnhofsbrücke,"['Führung/Besichtigung', 'Kultur', 'Kultursommer']",14.10.2024,15:00 Uhr
341,Zukunftsgespräch Schleswig-Holstein,Romantikhotel Kieler Kaufmann,"['Kongress', 'Wissenschaft', 'Kultur']",14.10.2024,18:30 - 20:30 Uhr
342,Folk-Bühne live & unplugged im STATT-CAFÉ,KulturForum in der Stadtgalerie,"['Konzert', 'Kultur']",14.10.2024,20:00 - 22:00 Uhr
343,Pub Quiz,Pogue Mahone Irish Pub Kiel,"['Kultur', 'Kultursommer']",14.10.2024,20:00 - 23:00 Uhr
344,(re)connecting.earth - Kiel 2024,Innenstadt Kiel,"['Ausstellung', 'Kultur']",15.10.2024,ganztägig
345,Kultur-Rausch: Kieler-Kultur-Wochen,Welcome Center Kieler Förde,"['Kultur', 'Lesungen', 'Nachtleben', 'Konzert']",15.10.2024,ganztägig
346,"Kiel, Du bist gefragt!",Stadtmuseum Warleberger Hof,"['Ausstellung', 'Kultursommer', 'Kultur']",15.10.2024,10:00 - 18:00 Uhr
347,Kaufrausch. Konsum und Warenwelten der 1980er Jahre,Stadtmuseum Warleberger Hof,"['Ausstellung', 'Kultur', 'Kultursommer']",15.10.2024,10:00 - 18:00 Uhr
348,Der Gewölbekeller. Kostbarkeiten aus dem Alten Kiel,Stadtmuseum Warleberger Hof,"['Ausstellung', 'Kultur', 'Kultursommer']",15.10.2024,10:00 - 18:00 Uhr
349,"Marine, Werften, Segelsport – die Geschichte der Hafenstadt Kiel",Schifffahrtsmuseum,"['Ausstellung', 'Kultursommer', 'Kultur', 'Kieler-Woche']",15.10.2024,10:00 - 18:00 Uhr
350,Die Howaldtswerke – Neubeginn nach 1945,Industriemuseum Howaldtsche Metallgießerei,"['Ausstellung', 'Kultursommer']",15.10.2024,10:00 - 18:00 Uhr
351,Kiel (re)connecting.earth. Beyond Water,Stadtgalerie Kiel,"['Ausstellung', 'Kultur']",15.10.2024,10:00 - 17:00 Uhr
352,Prima Kunst: Johanna Blank – The Cabin,Stadtgalerie Kiel,['Ausstellung'],15.10.2024,10:00 - 17:00 Uhr
353,Kunstraum Sconeberg mit ganzjährigem Ausstellungsangebot,Kunstraum Sconeberg,"['Ausstellung', 'Kultur']",15.10.2024,11:00 - 18:00 Uhr
354,Hafenrundfahrt Kiel,Anleger Bahnhofsbrücke,"['Führung/Besichtigung', 'Kultur', 'Kultursommer']",15.10.2024,11:00 Uhr
355,Faszination Epoxidharz,Pop-up Pavillon,"['Ausstellung', 'Kultur']",15.10.2024,11:00 - 18:00 Uhr
356,Hafenrundfahrt Kiel,Anleger Bahnhofsbrücke,"['Führung/Besichtigung', 'Kultur', 'Kultursommer']",15.10.2024,13:00 Uhr
357,Alles andere als grau,Förderverein Freya-Frahm-Haus,['Ausstellung'],15.10.2024,14:00 - 18:00 Uhr
358,Hafenrundfahrt Kiel,Anleger Bahnhofsbrücke,"['Führung/Besichtigung', 'Kultur', 'Kultursommer']",15.10.2024,15:00 Uhr
359,Karaoke,Pogue Mahone Irish Pub Kiel,"['Kultur', 'Nachtleben', 'Kultursommer']",15.10.2024,22:00 - 02:00 Uhr
